0310-7820,Craig,Welch,,,Mongolia,"$2,527.52",7/11/2013
41250-154,Judy,Kim,jkim1@buzzfeed.com,Female,Thailand,"$9,004.47",1/13/2016
59779-609,Jesse,Smith,jsmith2@shutterfly.com,Male,China,"$1,445.94",1/29/2014
55154-5026,Stephanie,King,sking3@php.net,Female,Sweden,"$7,641.68",8/2/2013
62856-600,Nancy,Gibson,ngibson4@boston.com,Female,Philippines,"$6,697.45",9/30/2015
0363-9031,Alan,Vasquez,,Male,Russia,"$7,452.55",6/15/2013
41250-590,Lisa,Smith,lsmith6@wisc.edu,Female,Poland,"$6,330.00",7/7/2014
0268-0918,Jesse,Arnold,jarnold7@hud.gov,Male,Poland,"$4,611.91",3/4/2014
64117-234,Sharon,Jordan,,Female,Portugal,"$7,988.24",9/19/2011
55910-161,Ashley,Jacobs,ajacobs9@opera.com,Female,China,"$5,106.04",9/26/2015
24385-135,Susan,James,sjamesa@themeforest.net,Female,Bulgaria,"$9,389.33",3/3/2015
30142-770,Wanda,Watson,,Female,Sweden,"$5,675.66",9/12/2013
63323-477,Julia,Olson,,,United States,"$1,505.35",3/14/2014
52731-7052,Margaret,Mason,,Female,Argentina,"$2,072.63",2/7/2013
57243-291,Jean,Stanley,jstanleye@disqus.com,Female,Philippines,"$5,390.91",5/26/2016
55711-069,Gregory,Warren,gwarrenf@dailymotion.com,,Brazil,$197.66,11/13/2015
54868-2451,Arthur,Duncan,,Male,China,"$9,084.57",2/26/2015
55150-126,Clarence,Bryant,,Male,Sweden,"$5,653.62",4/29/2015
52125-832,Diane,Roberts,,Female,Finland,"$8,385.96",4/5/2014
0054-4218,Lillian,Lawson,,Female,China,"$1,827.99",10/23/2012
50563-153,Irene,Riley,irileyk@wix.com,,Brazil,"$8,593.79",12/16/2012
68084-585,Mildred,Stanley,mstanleyl@state.gov,,Poland,"$9,525.31",2/26/2015
63830-855,Jane,Chavez,,Female,China,"$8,309.49",11/13/2011
55154-5092,Stephanie,White,,Female,China,"$5,824.08",9/18/2015
68151-4290,Ryan,Sullivan,,Male,Poland,"$7,203.21",9/13/2014
61957-0102,Adam,Armstrong,aarmstrongp@apache.org,Male,Sweden,"$4,750.03",11/27/2012
55154-6191,Bonnie,Nelson,bnelsonq@vinaora.com,Female,Portugal,"$9,737.31",4/16/2013
68382-019,Joseph,Lynch,,Male,,"$5,706.64",4/22/2013
65841-804,Annie,Chavez,,Female,Indonesia,"$3,266.68",11/11/2014
68400-122,Tina,Pierce,tpiercet@hubpages.com,Female,Peru,$992.33,10/6/2011
75857-1100,Anne,Rogers,,Female,Somalia,$214.93,6/19/2014
64117-592,Adam,Woods,,Male,Indonesia,"$9,150.80",1/1/2012
55315-519,Robin,Taylor,,Female,,"$8,500.57",11/10/2011
50436-3074,Larry,Bishop,lbishopx@privacy.gov.au,Male,China,"$8,549.74",1/4/2015
0007-3236,Jane,White,,Female,China,"$9,423.75",1/4/2014
37205-203,Arthur,Alvarez,aalvarezz@wisc.edu,Male,China,"$3,115.07",7/3/2012
53041-617,Philip,Sanders,psanders10@techcrunch.com,Male,Libya,"$8,802.33",11/27/2011
64679-171,Pamela,Hernandez,phernandez11@hatena.ne.jp,Female,Turkmenistan,"$5,893.96",6/8/2013
10578-053,Jimmy,Alexander,,Male,Indonesia,"$3,791.84",3/31/2012
0093-0029,Diana,Stephens,dstephens13@ocn.ne.jp,Female,Albania,"$1,943.42",9/27/2011
53808-0247,Ryan,Nelson,rnelson14@toplist.cz,Male,China,"$8,361.41",1/3/2016
0781-9413,Janet,Crawford,jcrawford15@irs.gov,Female,Canada,"$3,676.53",3/13/2012
68016-130,Sarah,Jordan,,Female,China,"$4,125.74",3/11/2014
57520-0414,Raymond,Bennett,,Male,Libya,"$6,431.75",9/20/2015
76237-138,Ryan,Ryan,,Male,China,"$8,069.47",2/19/2012
36987-1743,Jane,Anderson,janderson19@1und1.de,Female,Brazil,"$6,310.86",7/22/2013
57955-0064,Kathy,Graham,kgraham1a@cpanel.net,Female,,"$7,652.68",11/23/2015
50730-8744,Scott,Burke,sburke1b@gnu.org,,Turkey,"$3,761.66",6/12/2015
43526-102,Juan,Gomez,jgomez1c@chicagotribune.com,Male,Indonesia,"$8,556.55",1/4/2013
63517-523,Angela,Garcia,,Female,Brazil,"$6,243.10",4/30/2013
68026-526,Janice,Stephens,jstephens1e@gizmodo.com,Female,,"$9,419.13",3/15/2015
0143-3125,Norma,Richards,nrichards1f@statcounter.com,,Portugal,"$9,294.67",3/22/2012
64720-335,Patrick,Evans,pevans1g@spiegel.de,Male,,"$2,135.80",1/27/2016
49349-780,David,Vasquez,,Male,Azerbaijan,"$9,197.07",3/23/2015
54868-1227,Michelle,Gray,mgray1i@nyu.edu,Female,Poland,"$6,174.25",10/28/2014
52685-305,Jerry,Carter,,Male,Peru,"$3,997.47",10/26/2013
15955-327,Sara,Robertson,,Female,Indonesia,"$8,502.67",11/27/2011
60505-3549,Kathy,Hunt,khunt1l@google.fr,Female,,"$6,354.07",9/9/2015
41520-957,Deborah,Burns,dburns1m@un.org,Female,Indonesia,"$5,234.42",1/27/2016
65293-415,Ryan,Burke,,,China,"$2,104.83",1/6/2012
64117-297,Jeffrey,Arnold,,Male,Sweden,"$5,851.74",11/20/2012
10451-003,Willie,Daniels,wdaniels1p@rediff.com,Male,Indonesia,"$9,664.77",2/16/2012
54638-0001,Lori,Graham,lgraham1q@tmall.com,Female,Brazil,"$6,959.20",1/16/2012
49288-0385,Maria,Woods,,Female,Russia,"$8,873.99",1/18/2014
55154-3029,Helen,Flores,hflores1s@indiatimes.com,Female,Brazil,"$9,924.47",11/7/2012
49349-944,Mary,Davis,,Female,Indonesia,"$9,752.03",2/26/2016
49520-501,Evelyn,Harvey,eharvey1u@purevolume.com,Female,Philippines,"$4,913.25",3/7/2016
57520-0140,Willie,Carr,,Male,China,"$1,918.56",12/22/2013
66129-412,Eugene,Howard,ehoward1w@diigo.com,Male,Luxembourg,"$7,507.13",10/6/2014
43742-0339,Joseph,Boyd,jboyd1x@domainmarket.com,Male,Czech Republic,"$8,688.28",1/16/2013
54868-4937,Bonnie,Collins,,,Sweden,"$3,134.25",4/14/2014
57883-404,Juan,Henry,,Male,Honduras,"$4,250.56",12/26/2012
52490-100,Justin,Arnold,,,Peru,"$2,333.26",4/16/2016
68382-019,Earl,Butler,,,Czech Republic,"$9,021.26",2/9/2013
0781-5749,Susan,Fisher,sfisher22@cyberchimps.com,Female,Italy,"$7,739.67",6/10/2014
61589-5312,Gregory,Larson,glarson23@reddit.com,Male,Colombia,"$4,933.18",1/23/2016
11410-613,Samuel,Ward,,Male,United States,"$7,616.01",12/25/2011
59137-515,Mark,Bell,,Male,Iran,"$5,958.77",10/24/2015
29565-200,Howard,Smith,,Male,Philippines,"$4,192.70",4/16/2015
63629-5259,Betty,Ward,bward27@barnesandnoble.com,Female,Japan,"$7,027.44",11/8/2013
52125-436,Karen,Spencer,kspencer28@deliciousdays.com,,,$207.08,10/23/2013
51668-505,Joshua,Stephens,jstephens29@booking.com,Male,Mongolia,$942.51,6/12/2015
0378-4560,Larry,Cox,,Male,Bolivia,"$1,398.18",10/15/2011
36987-3095,Helen,Green,hgreen2b@ocn.ne.jp,Female,Ukraine,"$7,963.63",5/21/2016
60505-2635,Nancy,Jacobs,,Female,Guyana,"$8,897.16",5/25/2015
34690-6001,Kimberly,Davis,,Female,China,"$1,661.87",10/10/2015
36987-3036,Michelle,Ryan,,,,"$1,785.84",9/19/2011
50438-301,Sean,Kennedy,,Male,Indonesia,"$4,978.49",7/1/2013
45802-939,Raymond,Evans,revans2g@163.com,Male,Belarus,"$8,893.21",12/26/2011
0573-0161,Evelyn,Willis,ewillis2h@liveinternet.ru,Female,Russia,"$9,560.26",12/10/2013
24236-068,Brandon,Ray,bray2i@tinyurl.com,Male,,$161.83,7/11/2013
66336-579,Judy,Sullivan,jsullivan2j@census.gov,,China,"$1,866.09",4/10/2013
52584-495,Peter,Hicks,phicks2k@joomla.org,Male,France,"$6,637.63",3/2/2014
61957-1052,Andrea,Daniels,adaniels2l@telegraph.co.uk,Female,Lesotho,"$7,506.46",3/16/2014
59054-140,Mildred,Black,mblack2m@unblog.fr,Female,Vietnam,"$3,061.88",7/27/2014
52124-0010,Norma,Rogers,nrogers2n@irs.gov,Female,Philippines,"$4,703.33",6/22/2012
63323-963,Brandon,Reynolds,,Male,Peru,"$7,059.33",5/14/2015
50114-8110,Phyllis,Bradley,pbradley2p@nhs.uk,Female,China,"$4,218.48",6/5/2015
56062-700,Jonathan,Fuller,jfuller2q@hugedomains.com,Male,Poland,"$4,304.76",4/22/2013
55154-5562,Jesse,Harrison,,,Poland,"$2,348.74",8/14/2012
43857-0192,Jacqueline,Schmidt,,Female,Pakistan,$555.55,2/2/2012
59970-054,Eric,Henderson,ehenderson2t@unicef.org,,Russia,"$9,612.18",4/15/2013
42507-990,Juan,Lee,jlee2u@com.com,Male,China,"$9,096.19",4/17/2016
36987-1593,Carlos,Bennett,cbennett2v@wordpress.com,Male,Canada,"$7,595.22",5/7/2012
53499-0166,Marilyn,Elliott,,Female,Bulgaria,$756.12,11/3/2013
11523-0728,Howard,Palmer,,Male,Indonesia,"$6,459.01",2/21/2012
63629-2552,Carl,Lawson,clawson2y@bing.com,Male,Czech Republic,"$9,961.10",12/31/2011
61062-0009,Thomas,Gonzalez,,,Venezuela,"$8,381.09",1/20/2016
54111-113,Robin,Jenkins,rjenkins30@newyorker.com,Female,China,"$1,956.87",5/15/2016
51811-353,Virginia,Bradley,vbradley31@sun.com,Female,Hungary,"$9,790.87",12/7/2014
10544-531,Donald,Johnson,djohnson32@ifeng.com,Male,China,"$9,428.26",4/19/2016
50964-040,Laura,Dunn,ldunn33@linkedin.com,Female,China,"$2,539.59",6/14/2015
0173-0834,Sara,Spencer,sspencer34@geocities.com,Female,Indonesia,$815.89,1/29/2016
59779-187,Kathy,Hicks,khicks35@comsenz.com,Female,Portugal,"$2,262.74",12/12/2012
36987-3042,Sarah,Medina,smedina36@alibaba.com,,Indonesia,"$8,787.88",6/26/2015
60512-2008,Harry,Brown,hbrown37@cafepress.com,Male,,"$4,264.71",3/16/2015
48783-112,Janet,Cruz,,Female,China,"$2,633.88",9/25/2011
76126-035,Shirley,Gonzales,sgonzales39@nba.com,,China,"$5,989.02",12/11/2015
0006-4981,Mark,Thomas,mthomas3a@ucoz.ru,Male,Malawi,"$7,492.79",3/4/2016
0591-0416,Heather,Harvey,,Female,Russia,"$7,562.46",3/20/2012
17089-450,John,Martin,,,Argentina,"$2,846.17",4/20/2016
55319-338,Kelly,Chapman,kchapman3d@blogtalkradio.com,,Malta,"$3,713.12",12/1/2013
30142-580,Alice,Carroll,acarroll3e@google.co.jp,Female,Brazil,"$7,291.09",3/26/2012
57915-005,Jean,Stevens,jstevens3f@omniture.com,Female,Russia,"$8,818.92",6/8/2012
52125-227,Ruth,Bradley,rbradley3g@ca.gov,Female,Kosovo,"$9,619.87",10/6/2011
0168-0522,Beverly,Hall,bhall3h@zdnet.com,Female,Norway,"$3,609.04",3/13/2015
11564-002,Thomas,Miller,,Male,,"$6,564.31",12/24/2012
10742-1442,Jacqueline,Austin,jaustin3j@free.fr,Female,Uganda,"$1,913.59",2/8/2016
63830-855,Kathleen,Richards,,Female,,"$9,817.49",9/2/2014
49349-142,Kenneth,Montgomery,,Male,Poland,"$2,920.30",2/12/2015
0268-6101,Eugene,Young,eyoung3m@tripod.com,Male,China,"$5,306.52",9/15/2015
49349-304,Earl,Brooks,ebrooks3n@networkadvertising.org,Male,China,"$8,777.16",1/19/2013
41163-456,William,Greene,wgreene3o@redcross.org,Male,Colombia,"$6,428.48",7/24/2012
58118-0734,Linda,Carpenter,lcarpenter3p@google.com.br,Female,Russia,"$7,156.90",4/25/2016
10544-096,Catherine,Wallace,cwallace3q@hostgator.com,Female,Spain,"$6,597.70",9/8/2014
0409-7371,Peter,Howell,,Male,Argentina,"$3,198.99",6/26/2014
49204-001,Tammy,Anderson,tanderson3s@ibm.com,Female,,$164.03,11/7/2012
49288-0247,Nicholas,Gonzalez,ngonzalez3t@dailymail.co.uk,Male,Iran,"$2,551.43",5/3/2016
10345-031,Robert,Warren,rwarren3u@joomla.org,Male,Ukraine,"$5,939.57",11/26/2013
10596-132,Margaret,James,,Female,Indonesia,"$1,206.12",3/6/2014
54569-1873,Bruce,Taylor,btaylor3w@time.com,Male,Portugal,"$7,755.48",6/9/2014
16714-298,Craig,Smith,csmith3x@yale.edu,Male,United States,"$6,087.74",5/25/2013
49738-217,Joe,Weaver,jweaver3y@baidu.com,Male,Russia,"$9,073.20",9/11/2012
68645-424,Christopher,Howard,,Male,China,"$6,897.62",4/21/2014
47632-0030,Bruce,Romero,bromero40@zdnet.com,Male,Portugal,"$2,840.57",3/11/2012
52641-700,Louis,Fernandez,lfernandez41@craigslist.org,Male,China,"$6,567.02",7/12/2015
53157-AS3,Deborah,Walker,dwalker42@upenn.edu,Female,,"$5,557.24",3/8/2015
14783-442,Emily,Wright,ewright43@unc.edu,Female,Poland,$416.45,7/30/2013
34666-006,Scott,Kelley,skelley44@nationalgeographic.com,Male,Sweden,"$7,237.58",2/19/2012
68084-887,John,Gonzales,,Male,Serbia,"$7,486.32",12/22/2014
11673-517,Richard,Reyes,rreyes46@reuters.com,Male,Yemen,"$9,572.55",2/4/2014
50436-3129,Marie,Spencer,mspencer47@clickbank.net,Female,Kazakhstan,"$2,965.96",7/20/2015
24385-053,Alan,Pierce,apierce48@time.com,Male,China,"$5,745.95",4/29/2015
52533-101,Jose,Ray,jray49@oakley.com,Male,Poland,"$8,499.91",3/6/2016
49781-034,Alice,Ferguson,,Female,China,"$1,381.08",4/17/2015
50436-6660,Dennis,Gardner,dgardner4b@blinklist.com,Male,Poland,$31.51,10/5/2014
0615-7557,Paula,Hall,phall4c@salon.com,Female,Indonesia,"$4,913.29",10/25/2015
57893-300,Anna,Mcdonald,amcdonald4d@china.com.cn,Female,China,"$2,320.54",9/3/2015
49349-981,Marilyn,Davis,,Female,China,$569.89,1/30/2014
55150-172,Kevin,Nguyen,knguyen4f@youtube.com,Male,Philippines,"$4,396.11",2/7/2016
55111-292,Howard,Garcia,hgarcia4g@biblegateway.com,Male,Japan,"$2,933.29",6/19/2015
54868-5902,Tammy,Owens,,,,"$1,249.07",2/17/2012
21220-119,Gary,Payne,gpayne4i@ucla.edu,Male,Russia,$809.74,2/20/2014
42291-532,Jean,Peterson,jpeterson4j@list-manage.com,Female,China,"$4,166.48",10/20/2012
50730-5102,Phillip,Gilbert,,Male,Russia,"$7,252.66",6/28/2013
55648-177,Ann,Little,,Female,Nepal,"$4,579.75",2/6/2015
68428-035,Wayne,Mendoza,wmendoza4m@rediff.com,Male,Poland,"$8,134.76",2/20/2014
57520-0003,Martin,Rodriguez,mrodriguez4n@xinhuanet.com,Male,Poland,"$3,876.02",4/9/2016
51655-099,Judith,Palmer,,Female,Poland,"$8,120.91",9/8/2011
52305-200,David,Willis,,Male,Russia,"$3,145.16",11/24/2014
61919-142,Aaron,Barnes,abarnes4q@spiegel.de,Male,Brazil,$755.30,4/20/2013
68382-715,Raymond,Porter,rporter4r@miitbeian.gov.cn,Male,,"$7,899.29",5/1/2012
55316-002,Jack,Gonzales,,Male,,"$5,518.65",3/23/2012
43742-0088,Diana,Brown,,Female,Canada,"$9,040.14",2/15/2015
0268-1304,Jennifer,Jackson,jjackson4u@i2i.jp,Female,Finland,$695.84,5/8/2012
42507-490,Steve,Clark,sclark4v@marriott.com,Male,Portugal,"$1,925.81",7/14/2014
24338-126,Richard,Matthews,rmatthews4w@cdc.gov,Male,China,"$6,558.51",5/2/2012
36987-3300,Steven,Mason,,Male,,$297.59,1/31/2016
49348-192,Cheryl,Freeman,cfreeman4y@geocities.com,Female,Portugal,"$8,287.81",3/23/2014
49726-006,Emily,Tucker,etucker4z@fotki.com,Female,Pakistan,"$5,089.74",3/27/2014
0781-3142,Phyllis,Smith,psmith50@friendfeed.com,Female,France,"$9,103.93",7/9/2015
0406-8892,Christina,Wheeler,,Female,Brazil,"$4,305.74",4/27/2015
59898-140,Kathryn,Harper,,Female,Benin,$654.29,8/25/2012
49349-480,Jesse,Banks,jbanks53@google.com.hk,Male,China,"$3,751.86",10/7/2012
49580-0126,Kathleen,Morrison,kmorrison54@posterous.com,Female,Thailand,"$1,293.55",9/11/2015
64679-374,Brian,Crawford,bcrawford55@npr.org,,Philippines,$660.47,3/14/2014
0832-0304,Virginia,Stephens,vstephens56@about.com,Female,Saudi Arabia,"$1,296.77",2/8/2015
59667-0032,Anthony,Richardson,arichardson57@statcounter.com,Male,Poland,"$1,912.95",1/2/2015
36987-1747,Kelly,Lynch,klynch58@patch.com,,Saudi Arabia,"$1,228.62",10/22/2011
0168-0139,Shirley,Garrett,sgarrett59@mail.ru,Female,Portugal,"$9,971.35",7/25/2012
36987-1153,Sandra,Kennedy,skennedy5a@furl.net,Female,South Korea,"$9,573.21",4/23/2012
65841-691,Russell,Williamson,rwilliamson5b@taobao.com,Male,France,"$2,216.29",1/23/2015
54868-2463,Marilyn,Duncan,mduncan5c@amazon.com,Female,China,"$8,926.61",3/2/2016
42254-351,Julia,Gordon,jgordon5d@scribd.com,Female,Colombia,"$4,423.58",2/26/2014
43419-032,Eugene,Schmidt,,Male,Indonesia,"$5,367.40",4/2/2015
75979-1146,Marilyn,Elliott,melliott5f@state.gov,Female,Ukraine,"$6,144.19",12/13/2012
68682-995,Joyce,Meyer,,Female,China,"$4,321.65",12/25/2013
66993-478,William,Patterson,wpatterson5h@admin.ch,Male,Argentina,"$4,094.00",5/22/2014
0615-3559,Phillip,Fuller,pfuller5i@weather.com,Male,Sweden,"$7,476.42",6/11/2012
55711-064,Nicole,Hernandez,nhernandez5j@google.com.au,Female,Brazil,"$6,742.73",8/26/2013
51668-505,Matthew,Bell,mbell5k@seattletimes.com,Male,Albania,"$3,611.41",8/15/2013
36987-2180,Donald,Lee,dlee5l@pinterest.com,Male,Taiwan,"$5,644.34",3/28/2012
54868-6045,Jose,Wright,jwright5m@flickr.com,Male,France,"$9,826.41",9/15/2015
59762-1702,Stephanie,Powell,spowell5n@forbes.com,Female,,"$3,636.88",4/25/2012
61957-0022,Kathy,Carroll,kcarroll5o@nature.com,Female,Cameroon,"$5,156.65",11/20/2012
55154-5430,Barbara,Kim,bkim5p@alexa.com,Female,United States,"$8,777.88",8/24/2012
76331-910,Joseph,Lopez,jlopez5q@naver.com,Male,Russia,"$9,374.66",2/6/2013
16571-213,Roger,Gonzales,,Male,Poland,"$3,874.50",10/19/2014
48951-1106,Craig,Reyes,creyes5s@taobao.com,Male,China,"$1,029.00",11/11/2011
43386-330,Adam,Rodriguez,arodriguez5t@linkedin.com,Male,China,"$3,761.09",4/1/2015
0781-3005,Ashley,Allen,aallen5u@github.io,Female,Mauritius,"$6,511.79",11/11/2011
53746-272,Ann,Peters,apeters5v@cyberchimps.com,Female,South Africa,"$9,506.65",1/30/2016
0406-9907,Jacqueline,Berry,jberry5w@ca.gov,Female,China,"$6,803.84",12/23/2011
62678-217,Tina,Little,tlittle5x@google.com.au,Female,Mongolia,"$6,476.23",10/22/2011
44873-001,Denise,Alvarez,dalvarez5y@npr.org,Female,Ukraine,"$4,438.58",5/17/2016
49873-065,Gary,Davis,gdavis5z@ow.ly,Male,China,"$8,714.45",11/15/2013
49035-998,Norma,Lynch,nlynch60@google.fr,Female,Brazil,"$7,155.69",2/16/2016
67457-420,Nancy,Griffin,ngriffin61@thetimes.co.uk,Female,Ghana,"$4,923.65",4/20/2012
16853-1305,Paula,Martin,pmartin62@mozilla.com,Female,Indonesia,"$8,078.82",11/22/2014
49999-228,Betty,Cruz,bcruz63@youtu.be,,Argentina,"$4,706.90",8/17/2013
55154-4761,Judith,Nelson,jnelson64@elegantthemes.com,Female,Indonesia,"$8,658.31",4/10/2016
43742-0340,Jennifer,Ryan,,,Marshall Islands,"$8,873.54",4/3/2016
16729-123,Gary,Kelley,,Male,Indonesia,"$5,184.15",4/13/2014
0781-5249,Christina,Hawkins,,Female,Indonesia,"$8,222.77",12/7/2012
16590-311,Gregory,Gordon,ggordon68@scientificamerican.com,Male,China,"$6,860.36",10/25/2011
41167-0968,Clarence,Burns,,Male,Sudan,"$4,859.88",1/12/2015
43857-0174,Ralph,Evans,revans6a@unicef.org,Male,Indonesia,"$9,470.15",10/26/2012
64205-101,Matthew,Bailey,mbailey6b@earthlink.net,Male,Brazil,"$1,283.10",2/12/2016
62032-511,Rachel,Fields,rfields6c@feedburner.com,Female,Czech Republic,$139.67,12/24/2011
60905-0011,Tina,Daniels,tdaniels6d@mapquest.com,Female,Ireland,"$7,479.84",1/17/2014
54575-431,Ernest,Cunningham,ecunningham6e@ed.gov,Male,South Africa,"$9,512.52",1/14/2013
68180-123,Emily,Cook,,Female,France,"$9,695.31",4/6/2016
65293-427,Antonio,Thomas,athomas6g@redcross.org,Male,China,"$2,895.83",12/9/2011
15127-312,Diana,Dunn,ddunn6h@marriott.com,,Sweden,"$6,402.77",4/23/2012
57520-0587,James,Burton,,,China,"$2,290.08",5/20/2014
59535-0601,Jane,Fernandez,jfernandez6j@shop-pro.jp,Female,Russia,"$2,269.12",5/14/2013
54868-4652,Nancy,Morrison,,Female,Macedonia,"$6,860.55",4/20/2014
68788-9032,Roy,Warren,rwarren6l@dell.com,Male,Indonesia,"$8,734.98",12/22/2012
75857-1102,Doris,Welch,dwelch6m@illinois.edu,Female,Mexico,"$4,878.26",7/26/2015
59779-185,Jack,Myers,jmyers6n@earthlink.net,,Indonesia,"$5,082.92",10/24/2015
65044-5286,Philip,Wheeler,,Male,Poland,"$1,820.70",11/11/2014
42411-050,Todd,Alvarez,,Male,Azerbaijan,"$9,087.92",4/25/2012
49288-0256,Helen,Jenkins,,,China,"$1,150.41",2/23/2014
49349-683,James,Rice,jrice6r@oakley.com,,Russia,"$1,304.43",11/1/2015
49349-647,Annie,Barnes,abarnes6s@photobucket.com,Female,Philippines,"$6,301.10",3/27/2015
36800-013,Lisa,Bishop,lbishop6t@msu.edu,Female,Portugal,"$4,491.71",11/25/2011
52125-308,Chris,Parker,cparker6u@topsy.com,Male,United States,"$5,161.86",1/3/2015
10544-127,Timothy,Sanchez,tsanchez6v@gov.uk,Male,Czech Republic,$804.93,2/1/2012
49825-724,Lois,Lane,llane6w@nsw.gov.au,Female,Indonesia,"$1,440.25",2/13/2012
0713-0252,Michael,Ruiz,mruiz6x@seesaa.net,Male,China,$962.44,10/11/2013
0143-1115,Ralph,Schmidt,rschmidt6y@printfriendly.com,Male,Mexico,"$6,135.09",1/7/2015
51346-076,Bobby,Hughes,bhughes6z@comcast.net,,Thailand,$1.74,4/5/2015
0904-0789,Albert,Hill,ahill70@linkedin.com,Male,China,"$5,921.86",4/9/2012
54868-3284,Karen,Webb,kwebb71@flickr.com,Female,Brazil,"$3,051.91",2/29/2016
0310-0752,Peter,Nichols,,Male,Venezuela,"$2,112.80",5/8/2014
49852-169,Joseph,Franklin,jfranklin73@soundcloud.com,Male,Thailand,"$7,364.84",2/3/2016
42507-597,Timothy,Freeman,tfreeman74@admin.ch,Male,Philippines,"$3,877.44",10/14/2014
59726-170,Christina,Marshall,cmarshall75@symantec.com,Female,Indonesia,$905.76,9/9/2012
68703-026,Jean,Ellis,,Female,Iran,$19.16,7/9/2014
44911-0047,Ashley,George,ageorge77@instagram.com,,France,"$3,357.70",10/12/2013
61458-0001,Jesse,Bailey,,,Poland,"$2,045.50",12/31/2013
59779-023,Christina,Webb,cwebb79@cafepress.com,Female,Philippines,"$7,758.01",2/16/2014
63972-002,Carl,Greene,,Male,Philippines,"$8,687.80",12/11/2011
0363-0668,Steve,Jordan,sjordan7b@mtv.com,,,"$4,778.57",11/20/2015
0074-6799,Juan,Powell,,Male,China,"$3,355.47",3/21/2013
0409-3380,Anne,Wagner,awagner7d@indiatimes.com,Female,China,"$6,911.23",12/31/2013
0517-1071,Rebecca,Roberts,rroberts7e@domainmarket.com,Female,United States,"$4,117.22",6/19/2013
21695-101,Michelle,Brooks,,Female,Zimbabwe,"$5,960.34",11/12/2014
79596-096,Tammy,Henry,thenry7g@irs.gov,Female,Brazil,"$2,295.70",5/26/2012
50563-184,Annie,Thompson,,Female,Brazil,"$8,859.62",2/12/2016
11489-066,Carl,Jones,cjones7i@domainmarket.com,Male,Ukraine,"$2,109.85",5/31/2012
63981-478,Patrick,Stewart,pstewart7j@springer.com,Male,Honduras,"$3,815.66",9/28/2014
65862-161,Todd,Warren,twarren7k@xing.com,Male,Russia,"$2,792.91",3/16/2016
59667-0078,Henry,Bennett,hbennett7l@wunderground.com,Male,Trinidad and Tobago,"$1,042.18",4/25/2016
49288-0027,Joshua,Myers,,Male,South Africa,"$3,152.52",3/27/2013
68968-6625,Juan,Smith,jsmith7n@usgs.gov,Male,France,"$5,551.21",9/25/2013
68428-127,Stephanie,Nelson,snelson7o@jimdo.com,Female,Ukraine,"$4,981.46",4/14/2013
53145-053,Juan,Hamilton,jhamilton7p@salon.com,Male,Iran,"$1,197.40",10/11/2013
54973-9138,Lillian,Peters,,Female,Indonesia,$722.02,3/19/2012
36987-2525,Tina,Franklin,tfranklin7r@theglobeandmail.com,Female,Honduras,"$9,808.37",2/6/2012
0074-9642,Edward,Gomez,,Male,Canada,"$7,663.07",12/6/2012
52125-049,Shirley,Jackson,sjackson7t@domainmarket.com,Female,China,"$3,886.22",2/21/2014
11822-9000,Howard,Simmons,hsimmons7u@nasa.gov,Male,China,"$1,417.07",3/9/2014
65044-2630,Denise,Matthews,,Female,Czech Republic,"$6,166.33",11/17/2012
36987-1947,Henry,Harvey,,Male,China,"$8,657.29",7/28/2013
59351-0329,Martha,Baker,mbaker7x@prnewswire.com,Female,Poland,"$1,894.25",11/29/2013
43857-0255,Sarah,Stephens,sstephens7y@microsoft.com,Female,Iceland,"$5,907.03",12/18/2014
55319-224,Linda,Phillips,lphillips7z@squarespace.com,,Vietnam,"$7,099.02",3/9/2016
43406-0005,Harry,Snyder,,Male,Philippines,"$7,665.37",9/29/2011
0143-9130,Michael,Harper,mharper81@washington.edu,Male,,"$1,067.83",11/24/2015
55154-5979,Donna,Garrett,,,Comoros,"$4,347.78",12/20/2014
63868-980,Ruth,Davis,rdavis83@google.com.au,,Russia,"$4,426.71",3/4/2016
0074-3287,Keith,Simmons,ksimmons84@goo.gl,Male,Croatia,"$5,314.46",2/26/2014
50227-3251,Denise,Owens,dowens85@aol.com,Female,,"$5,430.49",1/23/2014
0245-0178,Brandon,Coleman,bcoleman86@bloglovin.com,Male,South Africa,"$5,513.94",10/13/2011
59535-2801,William,Stanley,wstanley87@mlb.com,Male,Spain,"$7,617.45",5/28/2015
65862-073,Lois,Reed,,Female,Russia,"$7,658.32",11/14/2011
63323-322,Thomas,Cruz,tcruz89@dropbox.com,Male,Finland,"$8,343.47",3/11/2013
13537-117,Brenda,Banks,bbanks8a@washington.edu,Female,Philippines,"$3,863.77",11/17/2011
37000-184,Cheryl,Harvey,,Female,France,"$8,500.73",11/19/2014
52959-535,Phyllis,Vasquez,,Female,Switzerland,"$2,147.34",9/9/2012
10819-5004,Margaret,Morgan,mmorgan8d@people.com.cn,Female,Argentina,"$3,376.65",11/20/2012
52102-1001,Justin,Olson,,Male,,"$2,578.35",10/31/2013
16252-525,Wayne,Gibson,wgibson8f@so-net.ne.jp,Male,Tunisia,"$4,888.87",6/23/2014
49643-320,Ruth,Armstrong,rarmstrong8g@gmpg.org,Female,New Caledonia,"$6,261.11",1/12/2016
0268-6637,Albert,Oliver,aoliver8h@studiopress.com,,,"$5,688.99",2/4/2016
64942-1210,Judy,Berry,jberry8i@wired.com,,Tanzania,"$4,873.13",6/1/2015
24987-379,Julia,Welch,jwelch8j@irs.gov,,Portugal,"$4,040.58",3/10/2012
37808-884,Bruce,Robertson,brobertson8k@squidoo.com,Male,Indonesia,"$2,708.30",7/14/2012
54868-0116,Antonio,Griffin,agriffin8l@omniture.com,Male,China,"$4,773.59",10/12/2014
55154-5489,Carolyn,Carpenter,ccarpenter8m@sitemeter.com,Female,French Polynesia,"$5,862.10",4/18/2016
54170-120,Carol,Gray,cgray8n@mac.com,Female,Slovenia,"$8,958.44",8/13/2014
25021-672,Jennifer,Hayes,jhayes8o@bbc.co.uk,Female,Indonesia,"$7,605.67",7/20/2015
0268-6622,Howard,Mills,hmills8p@joomla.org,Male,China,"$6,297.53",1/5/2015
68747-6027,Martha,Murphy,,,Thailand,"$9,525.93",4/9/2014
49035-004,Raymond,Howard,rhoward8r@scientificamerican.com,Male,Czech Republic,"$4,771.29",4/13/2014
54868-5922,Michael,Stevens,mstevens8s@hostgator.com,Male,Tanzania,"$8,062.22",6/7/2013
52533-145,Clarence,Gibson,,Male,Sweden,"$2,122.61",4/6/2014
49580-0344,Wanda,Wright,,Female,China,"$9,439.23",12/6/2013
49349-407,Juan,Burton,,Male,Portugal,"$6,205.10",6/30/2014
59970-054,Jose,Lawson,jlawson8w@forbes.com,Male,United States,"$7,139.55",4/6/2016
65044-3626,Anne,Foster,afoster8x@google.com,Female,Indonesia,"$1,304.40",2/21/2012
36987-1614,John,Gardner,jgardner8y@sourceforge.net,Male,,"$2,948.67",11/2/2014
76478-711,Shirley,Wheeler,swheeler8z@kickstarter.com,Female,Democratic Republic of the Congo,$457.24,7/4/2013
68001-230,Eric,Reed,ereed90@hexun.com,Male,Ukraine,"$5,093.91",8/12/2014
50436-0165,Benjamin,Gordon,,,Nicaragua,"$1,723.55",1/17/2016
0378-2025,Brian,Rice,brice92@kickstarter.com,,China,"$9,662.08",9/28/2014
62211-225,Carl,Burke,cburke93@mozilla.org,Male,China,"$2,003.44",10/24/2012
76053-002,Joseph,Clark,jclark94@vimeo.com,Male,Russia,"$9,893.46",6/4/2012
10544-116,Anna,Parker,aparker95@dailymotion.com,Female,China,"$8,462.36",7/20/2013
23731-6051,Debra,Scott,dscott96@github.com,Female,Portugal,"$9,750.52",3/29/2014
67938-0937,Julia,Robinson,jrobinson97@histats.com,Female,Sweden,"$2,981.51",6/12/2013
54473-223,Carl,Boyd,cboyd98@bbc.co.uk,,France,"$4,960.58",11/23/2013
41167-0956,Anthony,Thomas,athomas99@cnbc.com,Male,Russia,"$8,018.32",9/3/2014
63187-162,Jennifer,Schmidt,jschmidt9a@cam.ac.uk,Female,Philippines,"$4,931.36",2/13/2012
68599-0208,Deborah,Holmes,dholmes9b@jugem.jp,Female,,"$3,902.85",7/24/2013
42291-720,Chris,Berry,,Male,Indonesia,"$5,587.42",2/17/2012
76369-6001,Rebecca,Turner,,Female,Indonesia,"$1,729.09",10/30/2011
51143-059,Willie,Holmes,,Male,China,"$7,226.64",8/7/2013
0904-5180,Linda,Knight,lknight9f@foxnews.com,Female,Russia,"$5,848.06",1/25/2015
0264-7703,Philip,Hunter,,Male,Sierra Leone,"$3,290.92",11/14/2014
49981-011,Aaron,Parker,,Male,Philippines,"$8,056.36",11/30/2012
49349-548,Jeffrey,Welch,jwelch9i@marketwatch.com,Male,Serbia,"$3,106.33",11/16/2014
41268-008,Paula,Daniels,,Female,Poland,"$6,665.41",9/14/2015
27505-004,Paul,Harper,pharper9k@webnode.com,Male,Portugal,"$6,815.25",6/17/2012
57520-0214,Ruby,James,,Female,South Africa,"$6,543.01",6/15/2013
36987-3258,Anne,Brooks,,Female,Indonesia,"$7,979.13",8/30/2013
49527-009,Anne,Stewart,astewart9n@cam.ac.uk,Female,Indonesia,"$4,756.37",3/3/2015
55714-4521,Donna,Wright,dwright9o@time.com,Female,China,"$3,692.93",3/18/2016
35356-803,Adam,Knight,aknight9p@bbc.co.uk,Male,Philippines,"$6,929.61",1/17/2016
0206-3501,Mark,Bryant,mbryant9q@prweb.com,Male,Indonesia,"$6,573.80",5/21/2015
51079-509,Sandra,Holmes,sholmes9r@icq.com,Female,Luxembourg,$155.40,3/22/2015
0407-0690,Victor,King,,Male,United Kingdom,"$2,634.33",7/20/2012
25021-778,Dennis,Gray,dgray9t@google.it,Male,Thailand,"$2,025.02",8/30/2015
21130-255,Julia,Reed,jreed9u@icio.us,,Puerto Rico,"$8,250.72",12/18/2015
52915-020,Shirley,Mason,,Female,Indonesia,$989.29,6/12/2012
0615-5647,Mark,Franklin,mfranklin9w@drupal.org,Male,China,"$1,481.70",9/7/2012
62011-0132,Diana,Green,dgreen9x@linkedin.com,,France,"$4,737.86",8/30/2013
0615-7825,Shawn,Lee,slee9y@over-blog.com,Male,Armenia,"$8,638.78",9/22/2011
68817-134,Jean,Jenkins,,Female,China,"$9,385.32",4/4/2013
41250-935,Peter,Parker,pparkera0@google.com,Male,Sao Tome and Principe,"$5,138.80",7/28/2012
36800-136,Gary,Weaver,,Male,Mexico,"$4,520.35",1/6/2013
54868-5501,Beverly,Knight,,Female,Tajikistan,"$4,262.76",2/4/2016
10967-590,John,Lewis,jlewisa3@sciencedaily.com,Male,Philippines,"$1,855.88",3/13/2016
49884-204,Wayne,Torres,,Male,China,"$1,556.87",7/24/2015
17270-504,Martin,Dunn,,Male,United States,"$7,350.27",8/7/2015
35356-746,Kathryn,Ruiz,,Female,Ecuador,"$2,233.39",10/15/2014
62670-4794,Christopher,Owens,cowensa7@themeforest.net,,Ukraine,"$4,030.77",6/13/2015
43353-688,Jeremy,Berry,jberrya8@ocn.ne.jp,Male,Thailand,"$3,805.30",3/7/2015
69222-000,Daniel,Fields,dfieldsa9@angelfire.com,Male,China,"$3,082.71",2/16/2015
41520-852,Brian,Pierce,,Male,Indonesia,"$6,780.61",9/13/2012
51668-504,Dorothy,Grant,dgrantab@desdev.cn,Female,China,"$2,940.25",5/19/2014
13537-265,Jesse,Sanchez,jsanchezac@macromedia.com,Male,Uzbekistan,"$3,325.23",3/15/2014
37000-136,Lois,Gibson,lgibsonad@ebay.co.uk,Female,China,"$9,822.22",4/2/2016
54973-2965,Fred,Hart,,Male,China,"$8,866.99",5/14/2016
68472-093,Ashley,Carr,acarraf@state.gov,Female,Bulgaria,"$7,956.37",3/11/2013
52125-499,Barbara,Mitchell,bmitchellag@go.com,Female,United States,"$4,725.14",3/23/2012
55154-2308,Helen,Harrison,,Female,Indonesia,"$7,243.63",2/9/2016
59676-701,Linda,Rodriguez,,Female,China,"$8,030.66",2/13/2014
30142-109,Rachel,Butler,rbutleraj@feedburner.com,Female,Indonesia,$288.97,4/18/2015
64725-0007,James,Burton,jburtonak@oakley.com,Male,,"$7,945.52",2/23/2014
55301-612,Ronald,Clark,rclarkal@fda.gov,Male,France,"$3,946.91",7/12/2013
54754-101,Marilyn,Perez,,Female,Greece,$366.98,3/23/2016
54868-0795,Carolyn,Evans,cevansan@moonfruit.com,Female,China,"$1,149.23",1/6/2013
62011-0024,Donna,Gordon,,Female,Philippines,"$3,648.60",5/6/2012
0113-0866,Maria,Hansen,,Female,Slovenia,"$1,905.57",10/19/2014
0268-0635,Wanda,Henderson,,Female,Mexico,"$4,270.99",3/14/2015
24208-410,Jose,Frazier,jfrazierar@nsw.gov.au,Male,Philippines,$643.59,7/12/2013
60760-271,Paula,Moore,,Female,Brazil,"$8,867.56",5/16/2016
52544-065,Todd,Patterson,tpattersonat@soundcloud.com,Male,Serbia,"$5,805.35",12/25/2013
53208-446,Kenneth,Campbell,kcampbellau@pen.io,Male,Russia,"$2,982.50",8/18/2012
47335-588,Sean,Fox,,Male,Philippines,"$1,586.58",11/9/2014
13537-372,Cheryl,Burton,,Female,Greece,"$1,963.30",12/25/2015
61941-0082,Robert,Ray,,Male,China,"$1,662.36",5/3/2016
54569-2996,Julie,Gibson,jgibsonay@is.gd,Female,Portugal,"$9,922.81",12/27/2012
49348-459,Nancy,Price,npriceaz@51.la,Female,Ukraine,"$5,847.50",9/2/2012
42549-525,Robert,Hansen,,Male,China,"$9,920.85",7/24/2014
68382-764,Lillian,Chavez,lchavezb1@mashable.com,Female,Slovenia,"$1,242.42",10/1/2013
51079-597,Judith,Martin,,Female,Philippines,"$4,204.82",5/6/2014
0703-3321,Martin,Chapman,mchapmanb3@google.de,Male,Honduras,"$2,975.96",1/1/2014
54868-4135,Carl,Rodriguez,crodriguezb4@dmoz.org,Male,Indonesia,"$3,953.54",10/23/2011
25021-212,Richard,Perry,rperryb5@hexun.com,Male,United States,"$2,580.92",1/27/2013
51138-075,Elizabeth,Miller,emillerb6@free.fr,Female,Philippines,"$9,149.55",5/17/2015
57955-6103,Margaret,Grant,,Female,Brazil,"$7,515.75",6/23/2014
36987-2791,Ralph,Chapman,rchapmanb8@issuu.com,Male,Portugal,"$7,041.31",12/3/2012
49349-566,Elizabeth,Cox,ecoxb9@webs.com,Female,Djibouti,"$6,537.40",10/28/2013
55154-8850,Michelle,Miller,,Female,Philippines,"$7,789.90",5/20/2015
11822-0067,Kathy,Bishop,kbishopbb@mashable.com,Female,Cuba,"$5,700.54",8/31/2015
0615-5501,Katherine,Martin,kmartinbc@ft.com,Female,China,"$2,726.81",9/19/2015
0093-5207,Karen,Peterson,kpetersonbd@ycombinator.com,Female,Peru,"$7,629.60",4/19/2013
76329-3316,Teresa,Fernandez,tfernandezbe@google.co.uk,Female,China,$138.65,3/13/2016
68382-795,William,Snyder,wsnyderbf@eventbrite.com,Male,Guatemala,"$5,038.72",10/4/2014
0268-1126,Julia,Marshall,jmarshallbg@accuweather.com,Female,Indonesia,"$1,017.37",2/17/2012
68387-241,Wanda,Lawrence,wlawrencebh@tiny.cc,Female,China,"$9,276.25",1/25/2014
13537-196,Ann,Coleman,acolemanbi@huffingtonpost.com,Female,Iran,"$8,149.61",3/1/2012
37808-462,Ruth,Morris,rmorrisbj@japanpost.jp,Female,Chile,"$7,945.54",5/28/2014
49348-645,Heather,George,hgeorgebk@fda.gov,Female,Indonesia,"$6,201.32",10/17/2015
0031-8693,Nicole,Gonzalez,,Female,China,"$8,279.44",12/24/2013
51346-046,Barbara,Garcia,bgarciabm@plala.or.jp,,Poland,"$9,651.52",9/9/2015
55910-305,Arthur,Rice,aricebn@techcrunch.com,Male,Belarus,"$1,294.85",6/23/2015
52584-135,Heather,Armstrong,,Female,Brazil,"$2,651.62",5/8/2015
36987-2280,Jeremy,Reid,jreidbp@lulu.com,Male,France,"$3,973.87",1/21/2012
36987-1922,Rose,Martin,,Female,Indonesia,"$8,019.12",8/21/2013
54838-115,Tammy,Green,tgreenbr@noaa.gov,Female,Brazil,"$6,940.74",6/30/2012
65044-1544,Daniel,Gutierrez,dgutierrezbs@simplemachines.org,Male,,$147.75,7/25/2015
0904-6352,Heather,Lewis,hlewisbt@example.com,Female,China,"$1,408.09",4/30/2014
43772-0012,Joan,Peterson,,Female,China,$834.61,5/20/2014
59779-467,Gloria,Shaw,gshawbv@1und1.de,Female,Indonesia,"$7,644.48",4/18/2014
49873-060,Billy,Morris,bmorrisbw@independent.co.uk,Male,Czech Republic,$489.79,6/19/2013
62670-4245,Philip,King,pkingbx@epa.gov,Male,Guatemala,"$8,605.48",2/17/2013
67938-2017,Adam,Rodriguez,,Male,Indonesia,"$5,293.17",6/20/2014
53620-101,Justin,Ruiz,jruizbz@homestead.com,Male,China,"$6,036.68",7/24/2014
40032-330,John,Snyder,,Male,Japan,"$2,953.51",6/18/2015
53009-2001,Rose,Hanson,,Female,Dominican Republic,$720.31,4/7/2013
43269-662,Betty,Hawkins,bhawkinsc2@china.com.cn,Female,Portugal,"$3,861.83",2/4/2015
51004-1097,Peter,Peters,,Male,Brazil,"$2,634.55",12/29/2014
55316-163,Rachel,Day,rdayc4@bravesites.com,Female,Indonesia,"$6,360.56",9/8/2012
55154-6827,Ann,Wilson,awilsonc5@biblegateway.com,Female,Indonesia,"$8,215.71",6/23/2012
54162-006,Sandra,Hill,,Female,China,"$4,947.87",5/7/2013
68025-073,Mary,Riley,mrileyc7@ucoz.com,Female,,"$2,250.89",4/30/2014
10237-707,Laura,Ford,,Female,Yemen,"$4,309.47",3/12/2016
52125-744,Virginia,Thompson,,,Philippines,"$6,515.49",1/2/2015
0228-1112,Marilyn,Larson,mlarsonca@netscape.com,Female,China,"$8,448.72",3/15/2015
61727-338,Bonnie,Anderson,bandersoncb@alibaba.com,Female,Sweden,"$6,730.33",11/16/2012
61787-451,Samuel,Simpson,ssimpsoncc@pbs.org,,Republic of the Congo,"$2,860.21",8/10/2012
60429-222,Jean,Campbell,jcampbellcd@intel.com,Female,Indonesia,"$3,371.83",2/11/2016
60429-127,Kevin,Fisher,kfisherce@over-blog.com,Male,China,"$9,618.94",3/24/2016
0904-5769,Sharon,Ortiz,sortizcf@typepad.com,Female,Poland,"$4,994.58",7/24/2014
58668-4281,Paul,Clark,pclarkcg@bravesites.com,Male,Bulgaria,"$8,988.70",9/10/2012
61727-336,Paul,Ray,,Male,France,"$7,120.37",12/2/2015
58301-181,Joyce,Schmidt,jschmidtci@washington.edu,Female,Japan,"$8,435.17",11/22/2011
49967-626,Stephen,Coleman,,Male,Madagascar,"$3,015.10",10/12/2013
76151-241,Betty,Rose,,Female,Philippines,"$1,860.04",2/14/2012
0268-0902,James,James,jjamescl@arizona.edu,Male,Russia,"$5,183.28",11/1/2015
10096-0038,Wanda,Hamilton,whamiltoncm@bbc.co.uk,Female,Nicaragua,"$7,555.13",3/6/2014
0944-4351,Ruth,Warren,rwarrencn@cocolog-nifty.com,Female,Argentina,"$1,389.29",10/5/2013
98132-132,Anna,Rivera,ariveraco@howstuffworks.com,Female,,"$2,171.50",11/10/2012
23155-065,Philip,Edwards,pedwardscp@ft.com,Male,Guatemala,"$1,848.69",4/2/2016
63868-518,Theresa,Butler,tbutlercq@cbsnews.com,Female,Croatia,"$5,590.49",10/10/2014
63868-938,Irene,Dunn,idunncr@gov.uk,Female,United States,"$1,829.12",5/25/2013
63739-567,Gary,Myers,gmyerscs@reuters.com,Male,Panama,"$2,762.74",12/30/2011
25021-105,James,Butler,jbutlerct@bravesites.com,,Ireland,"$4,501.08",7/31/2012
50051-0017,Brian,Castillo,,Male,Tajikistan,"$3,552.86",4/8/2013
57344-127,Brenda,Fernandez,,Female,China,"$8,406.29",11/25/2011
0603-5093,Virginia,Edwards,vedwardscw@vistaprint.com,Female,Philippines,"$8,377.16",9/7/2015
63551-007,Paula,Rogers,progerscx@theguardian.com,Female,Philippines,$97.39,10/2/2014
49884-109,Barbara,Wilson,,Female,South Africa,"$8,812.57",1/25/2012
57955-1851,Joan,Brooks,,Female,Albania,"$5,616.38",11/2/2015
33261-935,Jose,Collins,,Male,,"$8,915.32",4/10/2015
64942-1106,Ralph,Graham,rgrahamd1@yahoo.co.jp,Male,Benin,"$5,707.54",11/23/2015
49349-480,Antonio,Hawkins,ahawkinsd2@freewebs.com,Male,Iran,"$9,453.53",10/29/2013
43538-310,Debra,George,,Female,China,"$6,609.57",7/21/2013
49817-0047,Jeremy,Warren,jwarrend4@arstechnica.com,Male,Iran,"$9,859.38",7/16/2015
36987-1437,Lillian,Ruiz,,Female,Brazil,"$3,618.99",12/24/2013
50066-080,Daniel,Hanson,dhansond6@dion.ne.jp,Male,Guatemala,"$6,466.60",3/17/2014
41163-413,William,Carpenter,,Male,Venezuela,"$1,126.31",6/28/2014
55154-9727,Lois,Dean,ldeand8@mapquest.com,Female,Peru,"$9,995.90",1/12/2013
11822-4601,Gary,Spencer,gspencerd9@sogou.com,Male,Poland,"$4,888.89",9/25/2014
42291-693,Diana,Bell,dbellda@multiply.com,Female,Georgia,"$8,799.04",10/25/2012
55154-3914,Deborah,Wallace,dwallacedb@census.gov,Female,Venezuela,"$6,194.81",8/6/2012
43742-0486,Sean,Carroll,scarrolldc@purevolume.com,Male,China,"$9,638.83",8/14/2013
49349-548,Diane,Payne,dpaynedd@goo.ne.jp,Female,China,"$5,805.23",10/30/2013
59021-009,Diane,Black,,Female,China,"$4,873.01",5/9/2015
49288-0612,Paul,Black,pblackdf@plala.or.jp,Male,China,"$9,031.65",1/8/2016
76088-101,Tammy,Brown,tbrowndg@princeton.edu,Female,Philippines,"$2,447.74",3/20/2013
0409-4278,Billy,Stewart,bstewartdh@omniture.com,,Afghanistan,$2.84,7/20/2012
55289-020,Dennis,Hayes,dhayesdi@infoseek.co.jp,Male,Cuba,"$1,640.79",9/7/2014
37808-057,Shawn,Collins,,Male,United States,"$3,045.16",9/9/2014
50383-283,Samuel,Watkins,swatkinsdk@webeden.co.uk,Male,China,"$7,603.29",5/2/2012
68647-204,Albert,Armstrong,,Male,Brazil,"$2,321.44",6/28/2012
50988-273,Edward,Sanchez,esanchezdm@wikimedia.org,Male,Tajikistan,"$7,400.81",10/7/2013
49349-469,Larry,Day,,Male,China,"$3,462.39",3/5/2016
50436-6339,Lori,Watkins,,Female,United States,"$2,898.77",3/8/2012
0409-7990,Chris,Fields,cfieldsdp@tinypic.com,Male,Indonesia,"$8,777.44",9/4/2015
15343-104,Irene,Phillips,,Female,China,"$9,003.92",4/24/2015
51346-015,Debra,Jones,djonesdr@answers.com,,China,$429.02,12/21/2014
57520-0015,Gloria,Peterson,,Female,Philippines,"$9,408.20",11/20/2015
55111-281,Ronald,Butler,rbutlerdt@t.co,Male,Russia,"$2,971.38",6/5/2015
63545-637,Norma,Welch,nwelchdu@china.com.cn,Female,Nigeria,"$1,437.32",10/4/2011
67457-579,Juan,Mendoza,jmendozadv@bravesites.com,Male,Colombia,"$8,434.46",7/18/2014
68472-119,Juan,Snyder,,Male,China,$151.50,2/7/2014
57520-0235,Julie,Alexander,,Female,China,$346.75,10/1/2015
55714-2005,Jeremy,Nichols,jnicholsdy@theglobeandmail.com,Male,Philippines,"$2,097.35",2/28/2013
68084-487,George,Ferguson,gfergusondz@marriott.com,Male,Ivory Coast,"$2,311.58",3/22/2014
75887-001,Thomas,Gray,tgraye0@freewebs.com,Male,China,"$9,911.43",12/22/2011
48951-1171,Clarence,Alvarez,,Male,Honduras,"$8,249.50",4/14/2013
65044-3020,Dorothy,Bowman,dbowmane2@behance.net,Female,,"$8,892.84",2/21/2014
47242-0061,Kathryn,Wells,,Female,,"$3,829.49",1/25/2014
51386-600,Judy,Peterson,jpetersone4@toplist.cz,Female,Thailand,"$4,585.38",9/16/2012
52125-574,Sharon,Wilson,,Female,Poland,"$1,388.39",12/31/2014
60505-2604,Louis,Patterson,,Male,Guatemala,"$5,083.11",8/1/2013
60512-8023,Virginia,Burke,vburkee7@bloomberg.com,Female,China,"$8,790.76",10/14/2013
0363-0131,Stephanie,Hansen,,Female,Honduras,$952.20,8/28/2014
0338-0048,Alice,Andrews,aandrewse9@irs.gov,Female,Portugal,"$4,734.90",2/7/2013
23710-006,Janet,Reyes,,Female,Botswana,"$1,784.52",11/13/2015
50988-195,Lori,Schmidt,,Female,Japan,"$9,230.85",8/14/2015
63304-845,Amy,Woods,awoodsec@ted.com,Female,United Kingdom,"$8,070.50",5/27/2015
16590-107,Shirley,Fisher,sfishered@issuu.com,Female,Malaysia,$12.64,2/23/2013
55154-5481,Scott,Pierce,spierceee@topsy.com,Male,Indonesia,"$7,536.35",3/30/2016
53808-0927,Chris,Wilson,cwilsonef@twitter.com,Male,Japan,"$1,275.67",9/16/2013
59779-326,Anne,Alexander,aalexandereg@wisc.edu,Female,Czech Republic,"$9,796.28",7/8/2013
49614-229,Harold,Banks,,Male,Czech Republic,"$3,682.92",6/25/2014
21130-194,Randy,Gomez,rgomezei@answers.com,Male,Brazil,"$1,349.34",5/17/2013
52125-381,Alan,Berry,,Male,Hong Kong,"$9,460.92",12/26/2012
55714-2204,Douglas,Lawrence,dlawrenceek@networkadvertising.org,Male,Philippines,$459.94,4/27/2016
51079-766,Albert,Banks,,Male,Indonesia,$22.93,10/23/2015
50436-3074,Eric,Stephens,estephensem@dion.ne.jp,Male,Albania,$965.50,3/17/2014
24236-359,Jack,Burton,,Male,Indonesia,"$5,969.69",11/17/2015
60505-0026,Randy,Davis,,Male,Russia,"$5,510.48",9/7/2011
48951-1181,Randy,Burton,,Male,Nigeria,$371.58,5/30/2015
55312-384,Diane,White,dwhiteeq@macromedia.com,Female,Indonesia,"$7,766.44",1/11/2015
0904-6082,Terry,Evans,tevanser@nih.gov,,Indonesia,"$5,930.04",11/8/2012
68151-2768,Pamela,Grant,pgrantes@aboutads.info,Female,Malaysia,"$1,077.80",2/15/2014
42192-118,Joyce,Bailey,,Female,Philippines,"$2,502.91",2/2/2012
52125-586,Donna,Anderson,dandersoneu@woothemes.com,Female,Peru,"$6,122.13",10/23/2011
51532-5500,Howard,Turner,hturnerev@xinhuanet.com,Male,North Korea,"$7,002.86",3/25/2016
0113-0094,Eric,Griffin,,Male,Australia,"$9,306.21",6/29/2015
55513-267,Paula,Clark,pclarkex@ox.ac.uk,Female,Chad,"$8,899.95",12/9/2014
43063-508,Lois,Freeman,,Female,Argentina,"$6,491.76",5/8/2013
49288-0747,Raymond,Fuller,rfullerez@qq.com,Male,Russia,"$7,211.40",11/5/2012
68877-001,Frank,Kelly,,Male,China,"$8,239.41",12/21/2015
36987-2478,Kevin,Riley,krileyf1@ed.gov,Male,Russia,"$7,382.26",12/10/2011
33261-950,Jean,Shaw,,Female,Palestinian Territory,"$5,251.24",10/9/2014
51824-042,Irene,Hunt,ihuntf3@plala.or.jp,Female,New Zealand,"$1,671.44",6/10/2014
60505-2761,Philip,Snyder,,Male,Poland,"$5,005.64",7/26/2015
68391-344,Cynthia,Gray,cgrayf5@dedecms.com,Female,China,"$1,459.07",7/7/2013
55648-186,Helen,Fernandez,hfernandezf6@auda.org.au,Female,,"$8,476.94",9/25/2015
43063-021,Ruby,Holmes,rholmesf7@baidu.com,Female,Guatemala,"$4,243.29",12/15/2015
62713-807,Julia,Harrison,jharrisonf8@whitehouse.gov,Female,China,"$4,453.85",11/18/2013
43419-811,Donald,Vasquez,dvasquezf9@usnews.com,Male,South Sudan,"$3,945.12",1/26/2012
0781-9412,Scott,Nguyen,snguyenfa@gnu.org,Male,Portugal,$311.90,8/15/2015
33261-463,Margaret,Larson,mlarsonfb@google.nl,Female,Russia,"$9,660.25",1/27/2012
25021-116,Willie,Cooper,wcooperfc@cpanel.net,Male,Japan,"$4,680.02",5/27/2013
55154-5898,Randy,Ferguson,,Male,China,"$8,967.58",9/22/2014
49999-913,Janice,Montgomery,,Female,Russia,"$3,074.88",1/29/2015
51523-020,Randy,Banks,,,United States,$798.43,10/10/2014
0591-0240,Jennifer,Webb,,Female,China,"$4,646.97",5/28/2013
68001-121,Jerry,Cook,jcookfh@infoseek.co.jp,Male,China,"$8,590.57",2/25/2016
75981-602,Irene,Murray,imurrayfi@wix.com,Female,Philippines,"$9,049.11",5/2/2015
16590-118,Diana,Hanson,,Female,Sweden,"$6,057.89",8/7/2015
0409-1844,Kathleen,Harper,kharperfk@amazon.com,Female,Uzbekistan,"$8,694.24",8/7/2015
54569-1840,Paula,Ellis,pellisfl@ucoz.ru,Female,China,"$1,106.65",2/20/2012
0574-0181,Steve,Howell,showellfm@icio.us,Male,Indonesia,"$2,026.72",2/3/2014
59915-4001,Susan,Ramirez,sramirezfn@acquirethisname.com,,Ukraine,"$9,125.77",10/31/2015
37000-522,Brenda,Torres,btorresfo@ucoz.com,Female,Sweden,"$3,642.92",12/13/2011
34690-6001,Harold,Green,hgreenfp@hexun.com,Male,China,"$6,216.25",8/13/2013
55118-571,Doris,Harper,dharperfq@apple.com,Female,Thailand,"$6,254.41",8/18/2013
0056-0510,Shirley,Arnold,sarnoldfr@4shared.com,Female,China,"$3,974.39",12/10/2011
37000-048,Janet,Welch,,Female,Belarus,"$2,527.47",6/13/2014
55319-525,Gerald,King,gkingft@umich.edu,,Indonesia,"$7,291.74",10/6/2013
0378-0018,Benjamin,Carpenter,,Male,Argentina,"$7,127.18",5/21/2016
42549-561,Susan,Gray,sgrayfv@oaic.gov.au,Female,China,"$8,168.00",5/13/2013
66993-465,Anne,Perry,,Female,China,"$3,783.72",2/5/2013
48951-0076,Diana,Greene,dgreenefx@mozilla.org,Female,Brazil,"$8,990.01",6/28/2014
65044-5008,Annie,Campbell,acampbellfy@economist.com,Female,Malta,"$3,818.82",7/9/2013
44206-300,Daniel,Martin,dmartinfz@businessweek.com,Male,South Korea,$158.56,7/23/2015
76340-1101,Kenneth,Ray,krayg0@w3.org,Male,Malta,"$7,854.43",10/30/2011
60429-524,Donna,Myers,,Female,Brazil,"$6,655.37",5/28/2013
53882-002,Kathleen,Hunt,khuntg2@sourceforge.net,,,"$5,911.20",3/8/2016
55154-1827,Christina,Dixon,cdixong3@census.gov,Female,,"$9,480.67",9/26/2013
55154-5463,Beverly,Carr,bcarrg4@networkadvertising.org,Female,France,$961.55,11/29/2013
36800-265,Joshua,Brooks,,Male,China,"$8,442.66",1/28/2012
24236-621,Jesse,Hunt,,Male,Vietnam,"$5,502.68",11/12/2014
59779-950,Shawn,Hawkins,shawkinsg7@youtube.com,Male,China,"$7,450.46",9/15/2013
63548-4000,Phillip,Pierce,,,Indonesia,"$7,415.66",9/5/2014
59535-1081,Jack,Bennett,jbennettg9@usatoday.com,Male,Egypt,"$2,639.05",6/29/2012
65321-011,William,Harvey,,Male,Cameroon,"$6,159.60",11/30/2012
0869-0810,Martha,Perez,mperezgb@dot.gov,Female,France,"$7,579.76",7/1/2014
68752-005,Tina,Lopez,,Female,Indonesia,"$4,310.49",5/8/2013
42947-650,Rachel,Flores,rfloresgd@reddit.com,Female,Greenland,"$5,692.33",2/4/2016
14783-244,Joe,Fowler,jfowlerge@flavors.me,Male,China,"$7,098.93",8/27/2015
10812-358,Johnny,Johnston,jjohnstongf@cam.ac.uk,Male,United States,"$3,508.54",9/29/2013
50813-0008,Steven,Gibson,sgibsongg@lycos.com,Male,Russia,"$9,282.17",8/2/2012
52686-306,Shawn,Hunt,,Male,Brazil,"$2,217.93",11/25/2011
49852-301,Evelyn,Oliver,eolivergi@mapy.cz,Female,France,$982.35,9/25/2011
61957-0006,Thomas,Bell,tbellgj@clickbank.net,,Brazil,"$5,637.44",9/16/2012
43749-430,Katherine,Coleman,,,Pakistan,"$4,557.16",10/16/2015
0378-1813,Ruth,Wagner,rwagnergl@t.co,Female,China,"$1,113.22",12/28/2011
0228-2918,Louise,Hanson,lhansongm@cbslocal.com,Female,Belarus,"$8,203.38",2/27/2012
64679-670,Daniel,Simpson,,Male,China,"$8,476.86",7/20/2012
57520-0763,Sean,Carpenter,scarpentergo@sitemeter.com,Male,Philippines,"$1,155.40",11/17/2011
64024-970,Emily,Cooper,,Female,Ireland,"$9,726.01",4/23/2012
54569-1104,Nicole,Dean,ndeangq@altervista.org,Female,Albania,"$2,776.86",8/16/2013
21695-714,Amy,Davis,adavisgr@cnn.com,Female,France,"$4,640.28",8/20/2014
53603-2015,Sara,Davis,,Female,China,"$9,848.23",8/18/2015
0025-1520,Emily,Parker,eparkergt@mysql.com,Female,Japan,"$3,493.05",11/30/2014
55154-2726,Linda,White,lwhitegu@unesco.org,Female,,"$9,326.10",12/28/2011
60512-6561,Susan,Lee,sleegv@freewebs.com,Female,Philippines,"$5,237.43",11/14/2014
16714-221,Roy,Ray,rraygw@reddit.com,Male,China,"$7,977.94",3/29/2014
0113-0047,Melissa,Alexander,malexandergx@opera.com,Female,Russia,"$5,653.00",2/4/2012
54575-318,Linda,Moore,,Female,,"$1,580.42",12/20/2015
49349-079,Margaret,Alexander,malexandergz@wikia.com,Female,China,"$1,515.48",9/24/2013
41250-047,Michelle,Nelson,,Female,,"$3,757.77",3/4/2014
37808-690,Fred,Smith,fsmithh1@businessinsider.com,Male,,"$6,413.05",1/26/2016
55739-1022,Shawn,Walker,,Male,China,"$2,068.48",5/25/2012
57356-207,Catherine,Evans,,Female,Madagascar,"$5,394.70",5/23/2013
44911-0072,Melissa,Holmes,,Female,,"$4,760.30",4/18/2016
67046-658,Sara,Fisher,sfisherh5@theatlantic.com,Female,Ukraine,$575.24,1/9/2014
48951-3046,Stephen,Meyer,,Male,China,"$8,822.15",3/26/2012
51393-7111,Martin,Mendoza,mmendozah7@ted.com,,Uganda,"$4,768.22",5/11/2014
37000-787,Judith,Ruiz,jruizh8@csmonitor.com,Female,Indonesia,"$9,935.50",8/13/2012
48871-005,Gerald,Little,glittleh9@360.cn,,Canada,"$1,471.11",9/29/2014
66949-880,Craig,Walker,cwalkerha@state.tx.us,Male,China,"$8,289.72",4/13/2012
31722-202,Carol,Washington,cwashingtonhb@statcounter.com,Female,Sweden,"$3,080.83",3/4/2016
36987-2921,Gregory,Butler,gbutlerhc@lycos.com,Male,Ukraine,"$2,187.06",12/10/2012
0378-6150,Frank,Mason,fmasonhd@sina.com.cn,Male,Czech Republic,"$2,478.57",11/3/2011
61919-308,Jason,Bailey,jbaileyhe@fotki.com,Male,New Zealand,"$3,905.36",7/24/2013
58411-170,Ann,Vasquez,avasquezhf@chron.com,Female,Sweden,"$1,168.04",6/2/2014
54868-4232,Amanda,Lee,,,China,"$8,954.63",7/6/2012
60512-6463,Tina,Warren,twarrenhh@shop-pro.jp,,Portugal,"$6,254.32",6/8/2015
64406-802,Gerald,Hart,gharthi@usatoday.com,,North Korea,"$9,294.60",7/6/2013
37000-812,Nicole,Crawford,,Female,France,"$1,506.60",6/7/2014
58411-121,Walter,Hayes,whayeshk@harvard.edu,Male,Indonesia,"$3,452.67",12/13/2011
24090-491,Sara,Young,,Female,Russia,"$9,029.94",3/17/2013
57896-221,Frances,Davis,,Female,Portugal,"$3,556.07",5/19/2014
57677-005,Lawrence,Kim,lkimhn@lycos.com,Male,China,"$5,451.76",4/11/2013
50268-628,Denise,Johnston,,Female,China,"$8,955.55",1/20/2014
33261-707,Patrick,Wright,pwrighthp@epa.gov,Male,Austria,"$7,602.97",3/17/2014
13668-201,Patrick,Mitchell,pmitchellhq@hibu.com,Male,China,"$6,205.34",2/29/2016
37000-128,Carl,Jenkins,cjenkinshr@topsy.com,Male,Turkey,"$2,475.05",4/20/2015
59762-4921,Anne,Weaver,,Female,Sweden,$927.24,12/24/2012
49348-930,Adam,Willis,awillisht@youtu.be,Male,Slovenia,"$8,033.67",2/1/2015
55289-102,Sandra,Sanchez,ssanchezhu@google.it,Female,Indonesia,"$3,889.90",7/16/2015
68405-036,Richard,Henry,rhenryhv@freewebs.com,,Peru,"$9,637.05",3/6/2016
55143-106,Ann,Hanson,ahansonhw@wikia.com,Female,Russia,"$5,253.98",7/20/2015
68788-9885,Albert,Sullivan,asullivanhx@ed.gov,Male,Sweden,"$5,638.56",2/18/2015
64540-001,Phyllis,Cunningham,pcunninghamhy@smugmug.com,Female,Colombia,$45.07,5/29/2013
66794-011,Stephen,Marshall,smarshallhz@washingtonpost.com,Male,Vietnam,"$4,517.50",3/10/2014
0555-1054,Elizabeth,Lane,elanei0@businessweek.com,,China,"$5,682.45",7/16/2013
57373-101,Ralph,Lopez,rlopezi1@zdnet.com,Male,Indonesia,"$5,996.86",9/22/2011
52125-954,Elizabeth,Greene,,Female,Indonesia,"$3,594.41",1/9/2015
53808-0396,Phyllis,Gilbert,pgilberti3@storify.com,Female,Belarus,"$2,422.98",6/10/2015
52667-002,Wayne,Rose,wrosei4@youtube.com,Male,Finland,"$6,004.63",4/29/2016
59115-140,Robert,Cruz,rcruzi5@hexun.com,Male,China,"$8,568.69",6/18/2013
0406-9050,Mary,Fuller,mfulleri6@who.int,Female,Argentina,"$2,253.63",5/17/2014
49989-515,Beverly,Kelley,bkelleyi7@4shared.com,Female,Comoros,"$2,974.17",11/26/2011
49471-001,Debra,Robertson,drobertsoni8@a8.net,Female,Poland,"$4,959.49",12/18/2011
76296-010,Christopher,Henderson,,,Philippines,"$3,789.28",4/24/2012
43063-519,Martin,Tucker,,Male,Thailand,"$9,725.25",6/26/2014
11559-009,Alan,Phillips,aphillipsib@yahoo.co.jp,Male,Portugal,$353.31,6/7/2014
60512-6436,Norma,Armstrong,,Female,Bhutan,"$5,148.72",12/17/2015
54569-2933,Willie,Stewart,wstewartid@xrea.com,Male,Iraq,"$1,037.27",7/24/2015
62721-0118,Pamela,Montgomery,pmontgomeryie@drupal.org,,Brazil,$784.05,3/24/2016
63629-3645,Steven,Moreno,,Male,China,"$7,083.66",10/24/2014
60429-570,Helen,Davis,hdavisig@yellowbook.com,Female,Canada,"$7,267.95",3/2/2014
33261-738,Jennifer,Diaz,jdiazih@eepurl.com,,China,"$6,132.32",10/4/2012
49999-860,Lois,King,,Female,China,"$2,650.38",1/16/2015
63739-539,Nicole,Thompson,nthompsonij@google.es,Female,Indonesia,"$1,404.26",5/7/2014
42421-229,Wanda,Harris,wharrisik@ed.gov,Female,Brazil,"$4,339.37",7/24/2012
55301-299,Phyllis,Rivera,,,Russia,"$7,938.11",7/11/2013
0006-0773,Elizabeth,Kelley,ekelleyim@yahoo.com,Female,China,"$3,109.79",5/16/2014
59779-175,Beverly,Wagner,,Female,Tunisia,"$1,812.72",11/18/2013
42254-151,Eugene,Stephens,estephensio@squarespace.com,Male,Brazil,"$2,548.13",10/26/2014
66993-077,Barbara,Baker,,Female,Germany,"$6,482.96",8/24/2014
68647-115,Diana,Romero,dromeroiq@wisc.edu,Female,Cameroon,"$1,092.05",6/22/2013
54868-5447,Marie,Morris,,Female,China,"$2,896.15",7/7/2012
30142-008,Amy,Ruiz,aruizis@xinhuanet.com,,Portugal,"$1,284.50",1/24/2015
49288-0355,Joe,Owens,jowensit@skype.com,Male,Vietnam,"$3,459.09",5/8/2014
68180-485,Amy,Castillo,,,United States,"$9,757.23",11/8/2011
68180-699,Jennifer,Tucker,jtuckeriv@fc2.com,Female,China,"$1,099.56",5/29/2012
0781-1047,Lisa,Wallace,lwallaceiw@meetup.com,Female,Philippines,"$4,824.64",11/1/2014
43353-826,Sean,Henry,,Male,Indonesia,"$2,314.93",6/21/2014
11822-2108,Virginia,Austin,vaustiniy@columbia.edu,,Portugal,"$9,296.17",10/23/2014
0074-4552,Christina,Lawrence,clawrenceiz@netscape.com,Female,Poland,"$6,697.95",10/11/2015
53329-059,Arthur,Hernandez,ahernandezj0@chicagotribune.com,Male,Canada,"$9,578.55",3/16/2016
0270-1317,Sean,Bryant,sbryantj1@youtu.be,Male,Burkina Faso,$440.75,10/2/2014
11673-214,Kevin,Sullivan,ksullivanj2@fastcompany.com,Male,Ukraine,"$4,705.53",9/7/2012
49230-197,Stephen,Ramos,,Male,Indonesia,"$6,956.91",6/1/2014
52533-026,Raymond,Watkins,rwatkinsj4@deliciousdays.com,Male,Tuvalu,"$6,557.25",10/12/2011
42637-810,Raymond,Taylor,,Male,,"$5,595.60",7/25/2012
64092-010,Jose,George,,Male,Slovenia,"$4,320.51",12/20/2015
11673-470,Heather,Cooper,hcooperj7@gov.uk,Female,Russia,"$9,330.27",6/1/2012
64980-162,Louise,Willis,lwillisj8@com.com,Female,Brazil,$309.09,3/15/2012
26509-0002,Fred,Jacobs,fjacobsj9@jimdo.com,Male,Finland,"$4,325.64",9/21/2012
50484-304,Timothy,Ryan,tryanja@weather.com,,Latvia,"$9,873.64",4/30/2016
49288-0026,Victor,Hunt,,Male,China,"$2,930.25",3/12/2012
68001-003,Willie,Wheeler,wwheelerjc@imageshack.us,Male,Peru,"$7,817.85",10/27/2012
51285-063,Lori,Burke,lburkejd@independent.co.uk,Female,Brazil,"$1,398.16",4/22/2014
43857-0010,Jesse,Armstrong,jarmstrongje@symantec.com,Male,China,"$3,384.32",7/20/2013
68428-098,Nicholas,Edwards,nedwardsjf@sina.com.cn,Male,Indonesia,"$3,531.63",5/14/2014
50580-547,Tina,Banks,,Female,Indonesia,"$5,910.43",11/13/2013
43474-001,Brenda,Cox,,Female,Portugal,"$9,163.04",7/25/2013
62756-545,Angela,Walker,awalkerji@slashdot.org,Female,Lithuania,"$2,438.96",2/28/2016
0406-8885,Jack,Bishop,jbishopjj@ucoz.com,Male,Poland,"$7,852.75",3/21/2015
61314-227,Sara,Welch,swelchjk@usa.gov,Female,Bangladesh,"$1,362.55",3/7/2013
0143-1765,Kevin,Hawkins,,Male,China,"$7,931.64",10/28/2014
36987-1262,Walter,Johnson,wjohnsonjm@geocities.com,Male,China,"$2,715.00",12/11/2012
0615-0170,Doris,Mason,,Female,Israel,"$9,059.55",4/11/2013
52959-049,Michael,Henderson,mhendersonjo@globo.com,Male,Argentina,"$6,869.17",9/20/2012
21130-069,Clarence,Gray,cgrayjp@histats.com,Male,Slovenia,"$2,385.48",9/8/2015
0245-0214,Cheryl,Jones,,Female,Indonesia,"$1,604.67",7/11/2013
59535-0901,Lois,Evans,levansjr@so-net.ne.jp,Female,United States,"$6,910.77",3/8/2012
63777-314,Heather,Alvarez,halvarezjs@dot.gov,Female,El Salvador,"$1,472.83",1/9/2016
0172-2662,Dennis,Perez,dperezjt@vk.com,Male,Czech Republic,"$7,636.45",6/26/2014
42507-100,Mildred,Barnes,mbarnesju@google.fr,,,"$8,730.61",1/5/2014
35356-950,Bobby,Washington,,Male,Sweden,"$3,880.96",2/15/2012
62802-224,Kathleen,Marshall,,Female,Turkey,"$5,087.52",4/15/2012
66336-973,Tina,Porter,tporterjx@kickstarter.com,Female,France,"$3,779.27",1/15/2016
10812-510,Amy,Hughes,,Female,Mexico,"$7,074.76",10/27/2015
0268-1534,Shawn,Sanchez,,Male,Colombia,"$6,700.99",9/30/2013
66116-455,Julia,Ray,jrayk0@spotify.com,Female,China,"$8,586.45",6/3/2013
72036-370,Kathleen,Welch,kwelchk1@amazonaws.com,Female,Czech Republic,"$8,771.86",12/15/2015
53808-0608,Roger,Walker,,Male,Brazil,"$2,360.22",12/16/2013
54973-3123,Timothy,Hicks,thicksk3@psu.edu,Male,Afghanistan,"$3,576.30",8/28/2013
53808-0581,Jack,Bradley,jbradleyk4@cbc.ca,Male,Belarus,"$1,820.10",1/25/2012
36987-2687,Carlos,Price,cpricek5@noaa.gov,Male,Uzbekistan,"$8,761.74",8/31/2012
44911-0099,Lawrence,Harrison,lharrisonk6@altervista.org,Male,China,"$4,335.51",9/29/2012
0942-6439,Sarah,Green,sgreenk7@harvard.edu,,China,"$2,158.06",7/24/2012
13630-0050,Larry,Duncan,lduncank8@digg.com,Male,Bolivia,"$8,668.17",11/30/2011
52685-423,Jean,Morrison,,Female,,"$1,282.41",5/22/2016
55910-473,Mark,Price,,Male,Kazakhstan,"$6,913.58",3/30/2013
49884-580,Roy,Wilson,rwilsonkb@auda.org.au,Male,Portugal,"$8,164.12",7/1/2012
0006-0573,Steven,Gomez,sgomezkc@bbb.org,Male,Peru,"$6,157.75",5/27/2014
62032-121,Kathryn,Moore,,Female,China,"$5,496.70",4/20/2015
43857-0032,Gregory,Mills,gmillske@clickbank.net,Male,,$847.33,6/30/2013
10144-602,Gloria,Snyder,,Female,Ukraine,"$1,833.97",4/28/2016
59746-010,Janet,Oliver,joliverkg@cbsnews.com,Female,Norway,"$6,086.95",1/21/2016
55546-0001,Norma,Mitchell,nmitchellkh@yandex.ru,Female,China,"$1,129.91",5/14/2012
0363-0559,Michelle,Baker,mbakerki@si.edu,,Indonesia,"$9,676.75",6/8/2012
51345-067,Ernest,Grant,,Male,France,"$9,511.16",3/27/2016
99207-280,Rose,Kennedy,,Female,Indonesia,"$9,937.66",7/11/2012
0527-1704,Phyllis,Wells,pwellskl@smugmug.com,Female,,"$5,735.23",11/8/2014
52125-309,Brandon,Cox,bcoxkm@lycos.com,Male,Sweden,"$2,445.69",11/18/2011
54111-112,Tina,Martin,tmartinkn@diigo.com,Female,China,"$8,988.55",9/27/2015
48951-3113,Russell,Gonzales,rgonzalesko@eepurl.com,Male,Portugal,"$1,119.90",9/10/2013
0168-0012,Howard,Griffin,,Male,China,$285.93,12/22/2014
48951-7002,Kelly,Brooks,kbrookskq@nyu.edu,Female,Indonesia,"$5,719.58",6/9/2013
10702-016,Joyce,Sanchez,jsanchezkr@hp.com,,Philippines,"$4,381.55",8/18/2012
0051-0021,Ralph,Boyd,rboydks@newyorker.com,Male,Croatia,"$8,556.80",4/14/2014
0093-0053,Anthony,Taylor,,Male,Indonesia,"$5,294.32",3/24/2015
0264-7800,Phyllis,Kim,,Female,China,"$6,820.30",5/9/2013
41900-400,Christina,King,,Female,China,"$8,951.57",4/30/2014
42291-145,Maria,Hernandez,mhernandezkw@dropbox.com,,Thailand,"$8,939.43",10/21/2012
0536-1010,Theresa,Bell,tbellkx@google.co.jp,Female,Brazil,"$5,946.78",7/19/2012
25021-204,Martha,Wright,mwrightky@adobe.com,Female,China,"$1,333.74",1/6/2016
59779-124,Brandon,Hart,bhartkz@engadget.com,Male,,"$8,274.68",12/1/2011
10733-395,Kathy,Perkins,kperkinsl0@slideshare.net,Female,China,$906.09,4/5/2012
11822-1403,Diana,Reid,dreidl1@chron.com,Female,Jordan,"$2,301.82",1/2/2015
24385-542,Joan,Anderson,jandersonl2@sciencedaily.com,Female,Honduras,"$7,153.86",8/23/2015
54868-0235,Joshua,Burton,,Male,Brazil,"$9,193.88",6/30/2014
58118-2272,Ryan,Hamilton,,Male,,"$1,775.01",11/26/2015
49778-003,Louise,Campbell,,Female,Poland,"$1,107.61",3/23/2012
47593-431,George,Ross,grossl6@wsj.com,,Russia,"$8,191.85",11/5/2014
36987-1843,Roger,Cruz,rcruzl7@goodreads.com,Male,Georgia,"$5,336.94",11/15/2013
50436-3523,Paula,Mcdonald,pmcdonaldl8@abc.net.au,Female,Angola,"$2,994.43",6/5/2012
65862-185,Benjamin,Carroll,bcarrolll9@dell.com,Male,Japan,"$6,353.01",11/29/2011
50544-301,Justin,Hughes,jhughesla@geocities.com,Male,Iran,$849.02,9/16/2013
58411-165,Judy,Greene,,,,"$5,668.36",5/3/2013
62713-815,Evelyn,Howard,ehowardlc@imgur.com,,Czech Republic,"$2,517.68",1/8/2016
55154-2074,Arthur,Hicks,ahicksld@unesco.org,Male,Mexico,"$3,591.59",9/23/2013
33261-873,Anthony,Campbell,,Male,Sudan,"$6,761.55",10/30/2011
68788-9509,Julia,Morris,jmorrislf@reddit.com,Female,Indonesia,$277.87,3/15/2016
10893-240,Debra,Roberts,drobertslg@wix.com,Female,Poland,$71.35,12/31/2015
67510-0070,Edward,Chapman,echapmanlh@apache.org,Male,Indonesia,"$9,130.23",3/26/2015
0378-2401,Roger,Johnston,,Male,China,$560.83,7/1/2015
36987-1872,Norma,Ruiz,nruizlj@time.com,Female,Ukraine,$346.60,10/20/2013
43063-457,Joan,Wallace,jwallacelk@usa.gov,Female,Brazil,"$2,603.13",9/5/2014
58232-0303,Helen,Grant,,Female,Russia,"$9,896.29",8/8/2013
0268-1169,Peter,Kelly,pkellylm@oakley.com,Male,Brazil,"$7,608.91",1/17/2012
0069-2660,Brenda,Armstrong,,Female,Russia,"$8,180.14",10/28/2011
67172-113,Alan,Robertson,arobertsonlo@abc.net.au,Male,Nicaragua,"$5,024.46",4/1/2015
47682-809,Louis,Stanley,lstanleylp@mtv.com,Male,Netherlands,"$3,726.04",6/28/2014
69103-3500,Mary,Moreno,mmorenolq@goodreads.com,Female,China,"$8,165.09",3/7/2012
67239-0203,Kimberly,Frazier,,Female,China,"$1,556.14",5/4/2012
54340-208,Heather,Williams,,Female,,"$7,100.74",9/21/2015
0487-0201,Shawn,Ray,sraylt@economist.com,Male,Philippines,"$7,512.83",2/5/2015
58443-0042,Cheryl,Johnston,cjohnstonlu@123-reg.co.uk,Female,Portugal,"$6,098.13",11/18/2011
63629-4298,Kathleen,Young,kyounglv@is.gd,Female,Brazil,"$4,562.14",4/14/2013
49288-0699,Anne,Burton,,Female,Bosnia and Herzegovina,"$6,458.10",10/29/2013
57955-1010,Debra,Grant,,Female,Brazil,"$5,685.58",4/14/2015
64406-802,Susan,Lynch,slynchly@barnesandnoble.com,Female,Indonesia,"$6,151.30",11/29/2015
58914-790,Wayne,Willis,,Male,Kazakhstan,"$8,132.53",10/22/2014
63304-900,Marilyn,Pierce,,Female,,"$9,270.38",3/27/2014
66116-402,Bonnie,Kennedy,bkennedym1@cnet.com,Female,Philippines,"$2,497.92",7/12/2014
59779-255,Annie,Gray,agraym2@ehow.com,Female,Germany,"$5,837.99",4/11/2014
48951-5005,Emily,Romero,eromerom3@go.com,Female,Ukraine,$329.22,1/25/2016
59579-006,Dennis,Palmer,dpalmerm4@prweb.com,Male,,"$5,880.30",1/13/2013
0268-1473,Catherine,Campbell,,Female,Czech Republic,"$3,075.39",2/5/2013
59427-728,Joshua,Fowler,jfowlerm6@cnbc.com,Male,China,"$6,966.81",12/11/2014
41616-219,Christine,Richardson,crichardsonm7@privacy.gov.au,Female,Czech Republic,"$1,923.03",9/23/2011
59900-117,Daniel,Roberts,,Male,Portugal,"$7,500.72",8/10/2015
54365-400,Rose,Mason,,Female,China,"$9,673.21",12/25/2014
0143-9981,Deborah,Peters,dpetersma@dmoz.org,Female,,"$4,225.97",7/17/2012
68828-066,Nancy,Hart,nhartmb@acquirethisname.com,Female,Cuba,"$4,171.51",11/12/2013
35356-103,Debra,Young,dyoungmc@bbc.co.uk,Female,France,"$5,920.51",12/11/2014
49288-0633,Annie,Alvarez,,Female,France,"$4,109.24",6/21/2013
53157-101,Willie,Graham,wgrahamme@mapy.cz,Male,Czech Republic,"$9,424.32",4/23/2016
54868-6388,Samuel,Dixon,,Male,Sweden,"$3,573.86",9/19/2014
63629-3344,Joe,Hall,jhallmg@google.com,Male,China,"$7,194.26",12/3/2013
52584-282,Willie,Burns,wburnsmh@google.es,Male,China,"$6,430.52",5/1/2012
63402-306,Shirley,Phillips,sphillipsmi@home.pl,Female,China,"$7,524.36",4/17/2016
0641-6115,Sarah,Freeman,,Female,China,"$1,448.52",4/21/2013
63323-120,Dennis,Wheeler,dwheelermk@reuters.com,Male,Honduras,"$7,758.73",3/16/2014
55154-3429,Cynthia,Warren,,Female,Russia,"$5,506.07",4/26/2013
0096-0685,Donald,Reynolds,dreynoldsmm@dmoz.org,Male,,"$4,733.77",10/15/2013
0904-3003,Sandra,Flores,sfloresmn@dion.ne.jp,Female,,"$6,217.47",6/15/2014
49967-283,Randy,Fowler,,Male,Switzerland,$66.82,12/30/2012
54162-500,Nicholas,Greene,ngreenemp@rambler.ru,Male,Canada,"$9,088.76",2/5/2012
52125-834,Alan,Fox,afoxmq@hexun.com,Male,Albania,"$4,070.91",2/16/2014
55312-666,Martha,Porter,mportermr@wufoo.com,Female,China,"$8,265.07",11/26/2015
52959-076,Irene,Ramos,iramosms@archive.org,Female,Czech Republic,"$2,600.40",3/30/2016
50845-0042,Jeremy,James,jjamesmt@soundcloud.com,Male,Sweden,$289.35,4/8/2014
48951-3103,Marilyn,Andrews,,Female,France,"$1,334.33",4/5/2012
50268-756,Karen,Lawson,,,Denmark,"$7,862.50",2/3/2014
68180-142,Jesse,Brooks,,Male,Morocco,$579.80,12/3/2015
58232-0636,Tammy,Burns,tburnsmx@quantcast.com,Female,Nigeria,"$4,631.46",3/14/2014
0573-2830,Cynthia,Gomez,,,Indonesia,"$9,907.82",10/15/2011
55319-110,Linda,Clark,lclarkmz@chronoengine.com,Female,,"$4,678.91",5/6/2013
42507-190,Kathy,Robinson,krobinsonn0@hexun.com,Female,Brazil,"$9,190.51",3/15/2013
50268-750,Shirley,Webb,swebbn1@yolasite.com,,Brazil,"$3,332.94",2/17/2016
52904-457,Fred,Simpson,fsimpsonn2@skype.com,Male,Poland,"$9,318.93",12/25/2012
0591-5695,David,Hicks,dhicksn3@squarespace.com,Male,China,"$8,265.10",2/1/2014
57237-023,Nicole,Williams,,Female,Myanmar,"$1,939.02",6/2/2013
55714-4410,James,Pierce,jpiercen5@who.int,Male,Finland,"$2,071.10",5/19/2013
0378-4050,Harry,Garrett,hgarrettn6@jigsy.com,Male,Venezuela,"$8,152.88",2/11/2012
67877-254,Jason,Gilbert,jgilbertn7@nhs.uk,,Mongolia,"$5,845.81",3/12/2016
41250-142,Harry,Little,hlittlen8@hugedomains.com,Male,China,"$7,005.27",9/9/2013
0363-0823,Carolyn,Wagner,cwagnern9@chron.com,Female,Malaysia,"$3,012.28",6/16/2012
60429-166,Barbara,Kelley,bkelleyna@squarespace.com,Female,Kyrgyzstan,"$8,461.85",4/3/2016
64725-0170,Margaret,Hunter,,Female,Serbia,"$6,941.49",5/25/2012
21695-733,Alan,Wheeler,awheelernc@sbwire.com,Male,Peru,"$3,280.90",7/18/2012
49348-055,Timothy,Flores,tfloresnd@timesonline.co.uk,Male,Iran,"$7,164.44",6/6/2014
52124-0102,Judy,Gibson,jgibsonne@miibeian.gov.cn,Female,Indonesia,"$1,031.94",8/7/2015
66336-168,Jennifer,Meyer,,Female,Russia,"$3,902.35",2/28/2016
53808-0668,Nicholas,Hall,nhallng@people.com.cn,Male,China,"$7,128.79",3/27/2012
65360-1073,Craig,Hicks,chicksnh@wordpress.org,Male,United States,"$9,114.82",12/14/2013
98132-738,Edward,Carpenter,ecarpenterni@gizmodo.com,Male,Philippines,"$3,247.00",7/27/2014
41190-384,Janice,Fernandez,jfernandeznj@mit.edu,Female,China,"$7,894.61",11/23/2014
76174-130,Jeremy,Cox,jcoxnk@devhub.com,Male,Bangladesh,"$8,577.66",12/12/2014
10888-5006,Walter,Banks,wbanksnl@indiatimes.com,Male,Afghanistan,"$3,374.07",8/2/2014
68828-117,Randy,Owens,rowensnm@patch.com,Male,Russia,"$2,712.24",10/28/2012
0071-1019,Marilyn,Campbell,mcampbellnn@ezinearticles.com,,Indonesia,"$4,077.38",10/19/2011
66336-074,Nicole,Peterson,,,Mexico,"$1,123.33",12/12/2011
40104-262,Brenda,Price,,Female,Greece,"$5,566.06",7/8/2012
42291-641,Larry,Watson,lwatsonnq@yahoo.com,Male,China,"$2,364.25",3/26/2016
58238-228,Donna,Murray,dmurraynr@disqus.com,,Czech Republic,"$5,748.30",7/21/2015
61096-0002,Lillian,Green,,Female,China,"$9,650.44",6/1/2013
37808-003,Fred,Carroll,fcarrollnt@blogger.com,,Peru,"$6,302.16",9/6/2012
21695-655,Janet,Wright,jwrightnu@wordpress.org,,,"$3,488.29",8/3/2012
49358-545,Thomas,Stephens,tstephensnv@marriott.com,Male,Jordan,"$3,485.33",12/9/2014
50383-051,Joan,Harvey,jharveynw@163.com,,Philippines,$591.35,3/12/2016
64117-282,Albert,Long,,,France,"$9,820.12",8/25/2014
49967-129,Martha,Stephens,mstephensny@wikipedia.org,Female,Russia,"$9,727.46",6/5/2012
68788-9781,Raymond,Cruz,rcruznz@youtu.be,Male,Russia,"$2,981.36",9/13/2012
52125-587,Catherine,Rose,croseo0@statcounter.com,Female,Portugal,"$6,532.06",3/25/2014
0517-2325,Phyllis,Reyes,,Female,China,"$4,100.84",5/27/2014
53808-0922,Henry,Kelly,,Male,China,"$9,135.97",12/4/2015
36987-2707,Joan,Butler,jbutlero3@theatlantic.com,Female,Indonesia,"$1,073.71",12/9/2014
62756-138,Carol,Payne,cpayneo4@kickstarter.com,Female,United States,"$9,594.20",2/2/2015
21695-170,Tammy,Foster,tfostero5@abc.net.au,Female,Nigeria,"$1,592.98",3/31/2013
48951-2005,Adam,Ray,arayo6@chronoengine.com,Male,China,"$1,100.53",9/17/2015
42254-230,Joe,Cooper,jcoopero7@so-net.ne.jp,Male,,"$2,542.12",9/15/2014
53808-0351,Kenneth,Hart,kharto8@ucsd.edu,Male,Indonesia,"$4,496.31",1/3/2014
33261-018,Mark,Schmidt,,Male,Nigeria,"$5,487.83",6/26/2015
10096-0292,Gerald,Williams,gwilliamsoa@bandcamp.com,,Ireland,"$1,381.08",3/31/2012
33261-954,Donna,Hayes,dhayesob@slideshare.net,Female,Indonesia,"$6,836.54",3/29/2016
53489-700,Judy,Dixon,,Female,Poland,"$5,293.13",7/6/2013
66213-423,Kelly,Fields,kfieldsod@chicagotribune.com,Female,Indonesia,"$3,237.59",6/14/2012
46122-162,Chris,Campbell,,Male,Tanzania,"$9,190.36",4/12/2016
40046-0033,Sara,Henderson,shendersonof@wp.com,Female,Iran,"$6,771.80",6/19/2015
67544-747,Beverly,Hill,,,Malaysia,"$2,704.85",12/10/2012
0054-8526,Norma,Fisher,nfisheroh@sourceforge.net,,United States,"$5,678.35",3/8/2014
55714-4410,Frances,Peters,,Female,Belarus,"$4,857.13",12/11/2014
21749-142,Harry,Mendoza,,Male,Brazil,"$5,189.29",4/22/2014
68878-115,Carol,Hall,,Female,Sweden,"$2,885.42",3/23/2014
0407-2707,Cheryl,Lewis,clewisol@jalbum.net,Female,Sweden,"$2,837.48",1/2/2015
63629-3142,Louise,Torres,,Female,China,"$5,726.09",1/5/2012
23635-412,Martin,Butler,,Male,China,"$3,231.95",9/18/2011
68987-002,Johnny,Berry,,Male,Poland,"$6,726.21",4/5/2015
65923-008,Carl,Wilson,cwilsonop@delicious.com,Male,Indonesia,"$8,007.52",1/24/2015
52125-730,Gloria,Hernandez,,Female,,"$5,153.77",2/4/2014
37000-848,Keith,Palmer,,Male,Indonesia,"$1,883.09",8/18/2015
11344-379,Paul,Young,pyoungos@upenn.edu,Male,China,"$3,833.32",2/9/2016
54575-122,Deborah,Sanders,dsandersot@blogspot.com,Female,China,$694.60,12/21/2012
57520-1034,Samuel,Morgan,smorganou@adobe.com,Male,,"$8,597.60",11/26/2013
59779-543,Gary,Hall,ghallov@forbes.com,Male,Panama,"$6,437.74",12/21/2012
49614-146,Matthew,Jacobs,,Male,,"$3,560.26",10/5/2011
63304-550,Lawrence,Perez,,Male,Egypt,"$2,677.45",7/27/2014
67046-925,Annie,Bryant,abryantoy@vimeo.com,Female,Indonesia,"$6,765.64",12/7/2014
36800-588,Paul,Roberts,probertsoz@fc2.com,Male,Italy,"$2,026.21",4/3/2016
55154-5465,Carlos,Warren,,Male,Canada,"$5,635.51",10/4/2014
24236-166,Patricia,Gardner,pgardnerp1@patch.com,Female,China,"$8,239.13",1/9/2016
21695-011,Johnny,Wallace,jwallacep2@ca.gov,,,"$7,697.97",2/23/2015
49035-416,Walter,Perkins,wperkinsp3@barnesandnoble.com,Male,,"$5,398.12",12/16/2015
51442-552,Victor,Kelley,vkelleyp4@ning.com,Male,Peru,"$4,016.81",11/17/2013
55111-784,Tina,Simmons,,Female,Uganda,"$2,314.20",4/15/2013
0113-0396,Jesse,Hanson,,Male,Mali,"$4,279.26",1/27/2016
65044-1546,Beverly,Robinson,brobinsonp7@unesco.org,,Marshall Islands,"$6,492.94",1/2/2015
65044-5054,Irene,Ramos,iramosp8@dell.com,Female,,"$3,073.53",4/19/2016
50436-6126,Debra,Brooks,,Female,Colombia,"$9,182.84",5/24/2014
55154-5422,Antonio,Warren,,Male,Turkey,"$9,411.12",5/24/2012
54868-5099,Bonnie,Elliott,belliottpb@freewebs.com,Female,Philippines,"$3,270.71",5/31/2012
63645-111,Russell,Reynolds,rreynoldspc@ox.ac.uk,Male,China,"$3,580.76",5/13/2014
62257-364,Ernest,Payne,,Male,China,"$6,790.11",6/17/2013
36987-2536,Daniel,Porter,dporterpe@etsy.com,Male,Morocco,"$5,186.98",10/28/2014
58118-2214,Nicholas,Hunt,nhuntpf@free.fr,Male,,"$9,539.12",3/2/2014
65841-663,Joan,Gordon,jgordonpg@over-blog.com,Female,China,"$6,685.18",4/14/2014
21695-423,Annie,Flores,afloresph@cornell.edu,Female,Thailand,"$4,583.57",2/25/2016
0143-1280,Shawn,Nichols,snicholspi@sohu.com,Male,Canada,"$6,085.59",2/25/2015
30142-700,Andrea,Castillo,acastillopj@tinypic.com,Female,United States,"$4,811.11",1/7/2014
52125-032,Steve,Carroll,scarrollpk@nydailynews.com,Male,Indonesia,"$1,994.37",1/3/2015
0615-7640,Edward,Rice,ericepl@vistaprint.com,Male,Sweden,"$4,765.67",7/12/2014
41520-957,Martha,Gray,mgraypm@usatoday.com,Female,China,"$9,410.81",8/1/2015
68180-853,Richard,Clark,rclarkpn@businessinsider.com,Male,France,$134.57,3/18/2012
0007-4207,Jesse,Brown,jbrownpo@hibu.com,Male,Denmark,"$9,716.09",5/19/2014
66472-039,Julia,Payne,jpaynepp@usgs.gov,Female,Philippines,"$6,261.74",11/18/2013
10237-702,Beverly,Wilson,bwilsonpq@moonfruit.com,,Estonia,$239.13,7/7/2015
0009-7224,Clarence,Welch,cwelchpr@oracle.com,Male,Philippines,"$6,172.57",2/15/2014
76485-1020,Jose,King,jkingps@dailymail.co.uk,Male,North Korea,"$9,485.98",3/28/2016
35356-939,Russell,Day,rdaypt@ucoz.com,Male,Indonesia,"$9,847.42",3/27/2013
68084-498,Carol,Owens,cowenspu@chronoengine.com,Female,North Korea,"$8,928.18",3/21/2016
54868-6246,Brian,Gomez,bgomezpv@wisc.edu,Male,China,"$2,795.29",6/24/2013
49349-171,Ruth,Robertson,rrobertsonpw@csmonitor.com,Female,Portugal,"$2,597.78",3/27/2012
58503-034,Rebecca,Gordon,,Female,Thailand,"$2,986.87",4/30/2012
59078-048,Ernest,Sims,esimspy@google.de,,Iran,"$6,706.38",10/12/2014
66961-120,Eric,Campbell,ecampbellpz@sbwire.com,Male,Brazil,"$6,389.17",9/22/2015
54569-0084,Theresa,Flores,tfloresq0@marketwatch.com,Female,Indonesia,"$4,799.99",4/30/2014
76097-002,Justin,Thompson,jthompsonq1@cnbc.com,Male,China,"$5,629.39",9/4/2015
65044-4815,Betty,Richardson,brichardsonq2@xing.com,Female,Argentina,"$4,578.82",1/7/2012
16590-635,Sarah,Smith,,Female,Russia,"$6,620.45",11/12/2011
11410-749,Walter,Rodriguez,,Male,Belarus,"$1,021.34",9/11/2011
62756-556,Carolyn,Day,cdayq5@smugmug.com,Female,Indonesia,"$5,308.61",1/8/2015
42291-834,Earl,Brooks,ebrooksq6@1688.com,Male,Philippines,"$6,840.99",12/15/2015
0002-8797,Michael,Fowler,mfowlerq7@163.com,Male,Argentina,"$7,141.79",1/25/2014
34666-005,Maria,Diaz,,Female,Indonesia,"$8,464.76",8/28/2014
33261-129,Andrea,Parker,aparkerq9@reuters.com,Female,Brazil,"$9,563.92",5/29/2012
68220-086,Jane,Barnes,jbarnesqa@geocities.jp,Female,Peru,"$6,401.32",1/19/2015
17478-711,Jimmy,Holmes,jholmesqb@nasa.gov,Male,Philippines,"$9,030.37",12/1/2012
49781-116,Chris,Parker,,Male,China,"$6,031.72",10/30/2015
55885-010,Sara,Hanson,shansonqd@myspace.com,Female,Indonesia,"$9,523.42",9/14/2012
0904-5887,Wanda,Coleman,wcolemanqe@apache.org,Female,Philippines,"$1,224.68",1/17/2015
66949-996,Elizabeth,Lawson,elawsonqf@weebly.com,Female,,$713.01,6/15/2013
0179-0091,Mary,Ryan,mryanqg@examiner.com,Female,France,"$3,776.76",3/6/2016
55566-2100,Diane,Simpson,dsimpsonqh@github.io,Female,Chile,"$2,724.00",12/6/2015
68345-711,Dorothy,Fowler,dfowlerqi@bing.com,Female,Somalia,"$8,306.29",5/23/2016
0440-8190,Jennifer,Hicks,,Female,China,"$4,777.12",1/10/2012
43063-324,Pamela,Mendoza,,Female,Colombia,"$5,262.88",11/25/2013
54575-399,Eugene,Lawrence,elawrenceql@wufoo.com,Male,Peru,"$9,497.60",1/14/2013
13734-015,Henry,Castillo,hcastilloqm@biblegateway.com,Male,Canada,"$9,665.47",2/10/2012
24236-995,Mark,Graham,,Male,Venezuela,"$1,137.81",12/21/2014
10424-154,Ralph,Young,,Male,,$831.11,3/2/2015
50382-007,Jacqueline,Schmidt,jschmidtqp@virginia.edu,Female,China,"$3,282.81",5/18/2015
50742-107,Michelle,Shaw,mshawqq@blogger.com,Female,Brazil,$565.02,10/30/2014
0363-0773,Jose,Castillo,,Male,China,"$1,162.53",5/10/2013
54868-4560,Bonnie,Bradley,bbradleyqs@google.com,Female,China,"$1,383.97",8/1/2012
65862-502,Johnny,Henderson,,Male,Burkina Faso,"$5,064.34",1/2/2015
48951-2016,Shawn,Marshall,smarshallqu@e-recht24.de,Male,Morocco,"$3,713.14",9/15/2012
68788-9702,Jonathan,Gray,,Male,China,"$5,899.41",2/11/2013
68791-101,Annie,Allen,aallenqw@paypal.com,Female,Ethiopia,"$3,652.07",8/6/2013
52125-454,Carolyn,Jones,cjonesqx@paypal.com,Female,Russia,$492.71,1/1/2014
53407-104,Johnny,Fowler,jfowlerqy@xing.com,Male,China,"$4,734.60",4/14/2012
41163-403,Martha,Torres,mtorresqz@chicagotribune.com,Female,Indonesia,"$5,309.56",3/6/2014
63824-110,Paula,Baker,pbakerr0@harvard.edu,Female,Somalia,"$3,788.35",6/18/2012
41163-550,Laura,Rivera,lriverar1@amazon.co.uk,Female,South Africa,"$9,959.65",12/25/2014
58503-018,Brandon,Bell,,Male,China,"$3,843.14",10/23/2013
0548-1911,Jacqueline,Ortiz,jortizr3@washingtonpost.com,Female,China,"$6,214.54",9/17/2012
54838-507,Julie,Lynch,jlynchr4@weather.com,Female,,"$3,604.49",4/22/2013
41163-050,Clarence,Lopez,,Male,United States,"$1,155.95",2/11/2014
61715-042,Phyllis,Lawrence,,Female,Indonesia,"$7,344.15",3/9/2015
0363-0272,Fred,Robinson,frobinsonr7@eventbrite.com,Male,Indonesia,"$9,552.80",11/9/2012
0113-0259,Sandra,Reyes,sreyesr8@edublogs.org,Female,Sweden,"$8,706.58",5/13/2014
54868-4967,Sarah,Cox,scoxr9@histats.com,Female,China,"$9,971.28",12/22/2011
49738-388,Raymond,Crawford,,Male,Russia,"$3,409.60",2/14/2014
50653-3001,Jimmy,Morales,jmoralesrb@vinaora.com,Male,Bosnia and Herzegovina,"$9,461.82",11/18/2011
13537-403,Lisa,Adams,ladamsrc@soundcloud.com,Female,Gambia,$766.62,1/1/2013
68084-744,Roger,Lane,rlanerd@cmu.edu,Male,Sweden,"$2,881.47",9/26/2013
63776-694,Anne,Harvey,aharveyre@amazon.de,Female,Canada,"$6,983.97",6/21/2015
65162-544,Jeffrey,Ramos,jramosrf@fema.gov,Male,Russia,"$6,788.22",4/23/2016
16714-661,Mildred,Campbell,,Female,Indonesia,"$6,817.21",9/29/2015
53808-0398,Julie,Wagner,jwagnerrh@paginegialle.it,Female,United States,"$2,193.60",6/23/2012
54575-199,Janet,Wallace,jwallaceri@answers.com,Female,Tanzania,"$4,717.42",4/21/2016
59779-997,Jack,Kelly,jkellyrj@unesco.org,Male,Indonesia,"$9,811.72",5/10/2015
46123-026,Bonnie,Wells,bwellsrk@utexas.edu,Female,Russia,"$6,176.62",3/16/2013
25021-201,Carolyn,Simpson,csimpsonrl@boston.com,Female,,"$3,569.52",3/17/2012
13811-673,Gregory,Martin,,Male,China,"$6,169.77",12/27/2014
0409-4646,Jane,Rose,,Female,Poland,"$1,593.63",12/1/2015
42043-193,Julie,Peterson,,Female,France,$803.94,2/2/2015
0185-0130,Ralph,Mendoza,rmendozarp@ustream.tv,Male,Indonesia,"$9,362.38",10/5/2012
30142-166,Carolyn,Willis,,Female,China,"$1,379.88",12/24/2014
0007-4892,Steve,Wilson,swilsonrr@webeden.co.uk,Male,Indonesia,"$2,816.24",3/18/2016
